parent_task,candidate_id,task,status,volume_a3,static_energy_ev
E4-candidate_0000,candidate_0000,E4-candidate_0000-v0,complete,167.49734261486105,-117.96704833
E4-candidate_0000,candidate_0000,E4-candidate_0000-v1,complete,172.84300248554825,-118.57382446
E4-candidate_0000,candidate_0000,E4-candidate_0000-v2,complete,178.18866235623523,-118.7618091
E4-candidate_0000,candidate_0000,E4-candidate_0000-v3,complete,183.53432222692226,-118.59643094
E4-candidate_0000,candidate_0000,E4-candidate_0000-v4,complete,188.87998209760943,-118.14116295
E4-candidate_0004,candidate_0004,E4-candidate_0004-v0,complete,54.73312974294662,-43.31096561
E4-candidate_0004,candidate_0004,E4-candidate_0004-v1,complete,56.479931756019376,-43.52595278
E4-candidate_0004,candidate_0004,E4-candidate_0004-v2,complete,58.22673376909213,-43.59285842
E4-candidate_0004,candidate_0004,E4-candidate_0004-v3,complete,59.9735357821649,-43.53573971
E4-candidate_0004,candidate_0004,E4-candidate_0004-v4,complete,61.72033779523765,-43.37457357
E4-candidate_0006,candidate_0006,E4-candidate_0006-v0,complete,217.98569180358385,-177.19129227
E4-candidate_0006,candidate_0006,E4-candidate_0006-v1,complete,224.9426819675278,-178.07673056
E4-candidate_0006,candidate_0006,E4-candidate_0006-v2,complete,231.8996721314721,-178.3561498
E4-candidate_0006,candidate_0006,E4-candidate_0006-v3,complete,238.85666229541633,-178.1273865
E4-candidate_0006,candidate_0006,E4-candidate_0006-v4,complete,245.81365245936064,-177.47333545
E4-candidate_0009,candidate_0009,E4-candidate_0009-v0,complete,260.9816110470066,-186.06845159
E4-candidate_0009,candidate_0009,E4-candidate_0009-v1,complete,269.3108113995703,-186.99065198
E4-candidate_0009,candidate_0009,E4-candidate_0009-v2,complete,277.64001175213446,-187.27987841
E4-candidate_0009,candidate_0009,E4-candidate_0009-v3,complete,285.96921210469816,-187.04314693
E4-candidate_0009,candidate_0009,E4-candidate_0009-v4,complete,294.2984124572622,-186.37258894
E4-candidate_0011,candidate_0011,E4-candidate_0011-v0,complete,199.71694228409652,-165.94097429
E4-candidate_0011,candidate_0011,E4-candidate_0011-v1,complete,206.09088725061045,-166.68622102
E4-candidate_0011,candidate_0011,E4-candidate_0011-v2,complete,212.46483221712433,-166.92522639
E4-candidate_0011,candidate_0011,E4-candidate_0011-v3,complete,218.838777183638,-166.73885186
E4-candidate_0011,candidate_0011,E4-candidate_0011-v4,complete,225.21272215015154,-166.1950601
E4-candidate_0013,candidate_0013,E4-candidate_0013-v0,complete,81.49302791763864,-68.36159942
E4-candidate_0013,candidate_0013,E4-candidate_0013-v1,complete,84.093869234159,-68.69686553
E4-candidate_0013,candidate_0013,E4-candidate_0013-v2,complete,86.6947105506794,-68.80123923
E4-candidate_0013,candidate_0013,E4-candidate_0013-v3,complete,89.29555186719979,-68.71188869
E4-candidate_0013,candidate_0013,E4-candidate_0013-v4,complete,91.89639318372014,-68.46055495
E4-candidate_0015,candidate_0015,E4-candidate_0015-v0,complete,121.89320288536443,-97.06787317
E4-candidate_0015,candidate_0015,E4-candidate_0015-v1,complete,125.78341148808883,-97.56634446
E4-candidate_0015,candidate_0015,E4-candidate_0015-v2,complete,129.6736200908133,-97.72457443
E4-candidate_0015,candidate_0015,E4-candidate_0015-v3,complete,133.56382869353757,-97.59839622
E4-candidate_0015,candidate_0015,E4-candidate_0015-v4,complete,137.45403729626207,-97.23443266
E4-candidate_0017,candidate_0017,E4-candidate_0017-v0,complete,53.9685468044943,-44.62651715
E4-candidate_0017,candidate_0017,E4-candidate_0017-v1,complete,55.690947234424954,-44.85202603
E4-candidate_0017,candidate_0017,E4-candidate_0017-v2,complete,57.41334766435561,-44.92261558
E4-candidate_0017,candidate_0017,E4-candidate_0017-v3,complete,59.135748094286264,-44.86332457
E4-candidate_0017,candidate_0017,E4-candidate_0017-v4,complete,60.858148524216936,-44.6955351
E4-candidate_0023,candidate_0023,E4-candidate_0023-v0,complete,210.91257710019576,-189.81067977
E4-candidate_0023,candidate_0023,E4-candidate_0023-v1,complete,217.64382956084066,-190.58488039
E4-candidate_0023,candidate_0023,E4-candidate_0023-v2,complete,224.3750820214851,-190.82650075
E4-candidate_0023,candidate_0023,E4-candidate_0023-v3,complete,231.10633448212974,-190.62079522
E4-candidate_0023,candidate_0023,E4-candidate_0023-v4,complete,237.83758694277432,-190.04097977
E4-candidate_0025,candidate_0025,E4-candidate_0025-v0,complete,244.76037679381668,-172.09884497
E4-candidate_0025,candidate_0025,E4-candidate_0025-v1,complete,252.57187818085313,-173.01922891
E4-candidate_0025,candidate_0025,E4-candidate_0025-v2,complete,260.38337956789,-173.29919142
E4-candidate_0025,candidate_0025,E4-candidate_0025-v3,complete,268.1948809549266,-173.04690082
E4-candidate_0025,candidate_0025,E4-candidate_0025-v4,complete,276.00638234196344,-172.35458515
E4-candidate_0034,candidate_0034,E4-candidate_0034-v0,complete,108.13023583521355,-84.53348152
E4-candidate_0034,candidate_0034,E4-candidate_0034-v1,complete,111.58120080867789,-84.9714379
E4-candidate_0034,candidate_0034,E4-candidate_0034-v2,complete,115.0321657821421,-85.1074921
E4-candidate_0034,candidate_0034,E4-candidate_0034-v3,complete,118.48313075560638,-84.99153154
E4-candidate_0034,candidate_0034,E4-candidate_0034-v4,complete,121.93409572907059,-84.66500815
E4-candidate_0037,candidate_0037,E4-candidate_0037-v0,complete,108.07252596393535,-86.89973158
E4-candidate_0037,candidate_0037,E4-candidate_0037-v1,complete,111.52164913299714,-87.33995812
E4-candidate_0037,candidate_0037,E4-candidate_0037-v2,complete,114.97077230205893,-87.47530081
E4-candidate_0037,candidate_0037,E4-candidate_0037-v3,complete,118.41989547112067,-87.35494402
E4-candidate_0037,candidate_0037,E4-candidate_0037-v4,complete,121.86901864018235,-87.02138989
E4-candidate_0051,candidate_0051,E4-candidate_0051-v0,complete,81.49504937277979,-68.37563673
E4-candidate_0051,candidate_0051,E4-candidate_0051-v1,complete,84.09595520382601,-68.7112009
E4-candidate_0051,candidate_0051,E4-candidate_0051-v2,complete,86.69686103487219,-68.81575122
E4-candidate_0051,candidate_0051,E4-candidate_0051-v3,complete,89.29776686591835,-68.72688088
E4-candidate_0051,candidate_0051,E4-candidate_0051-v4,complete,91.89867269696457,-68.47587288
E4-candidate_0052,candidate_0052,E4-candidate_0052-v0,complete,54.07683839521473,-42.2367045
E4-candidate_0052,candidate_0052,E4-candidate_0052-v1,complete,55.80269493974275,-42.45541768
E4-candidate_0052,candidate_0052,E4-candidate_0052-v2,complete,57.5285514842709,-42.5234317
E4-candidate_0052,candidate_0052,E4-candidate_0052-v3,complete,59.254408028799,-42.46519967
E4-candidate_0052,candidate_0052,E4-candidate_0052-v4,complete,60.980264573327176,-42.30186577
E4-candidate_0063,candidate_0063,E4-candidate_0063-v0,complete,219.60182930080006,-181.24068453
E4-candidate_0063,candidate_0063,E4-candidate_0063-v1,complete,226.6103983210382,-182.11316755
E4-candidate_0063,candidate_0063,E4-candidate_0063-v2,complete,233.6189673412765,-182.38380395
E4-candidate_0063,candidate_0063,E4-candidate_0063-v3,complete,240.6275363615151,-182.15080898
E4-candidate_0063,candidate_0063,E4-candidate_0063-v4,complete,247.63610538175323,-181.49451611
E4-candidate_0065,candidate_0065,E4-candidate_0065-v0,complete,162.28026250897577,-126.86997707
E4-candidate_0065,candidate_0065,E4-candidate_0065-v1,complete,167.4594198230918,-127.52073709
E4-candidate_0065,candidate_0065,E4-candidate_0065-v2,complete,172.63857713720822,-127.71998543
E4-candidate_0065,candidate_0065,E4-candidate_0065-v3,complete,177.8177344513244,-127.54232671
E4-candidate_0065,candidate_0065,E4-candidate_0065-v4,complete,182.99689176544072,-127.05034885
E4-candidate_0066,candidate_0066,E4-candidate_0066-v0,complete,162.70756064421238,-123.59495073
E4-candidate_0066,candidate_0066,E4-candidate_0066-v1,complete,167.90035513285764,-124.23609971
E4-candidate_0066,candidate_0066,E4-candidate_0066-v2,complete,173.09314962150262,-124.43325574
E4-candidate_0066,candidate_0066,E4-candidate_0066-v4,complete,183.47873859879292,-123.77942723
E4-candidate_0073,candidate_0073,E4-candidate_0073-v0,complete,162.83918429886532,-119.55934319
E4-candidate_0073,candidate_0073,E4-candidate_0073-v1,complete,168.0361795424462,-120.19388587
E4-candidate_0073,candidate_0073,E4-candidate_0073-v2,complete,173.23317478602712,-120.38959143
E4-candidate_0073,candidate_0073,E4-candidate_0073-v3,complete,178.43017002960792,-120.21937804
E4-candidate_0073,candidate_0073,E4-candidate_0073-v4,complete,183.62716527318855,-119.74474858
E4-candidate_0074,candidate_0074,E4-candidate_0074-v0,complete,163.48865087921507,-129.55826608
E4-candidate_0074,candidate_0074,E4-candidate_0074-v1,complete,168.7063737796157,-130.20750131
E4-candidate_0074,candidate_0074,E4-candidate_0074-v2,complete,173.9240966800161,-130.40912783
E4-candidate_0074,candidate_0074,E4-candidate_0074-v3,complete,179.14181958041664,-130.23641054
E4-candidate_0074,candidate_0074,E4-candidate_0074-v4,complete,184.35954248081723,-129.75177176
E4-candidate_0077,candidate_0077,E4-candidate_0077-v0,complete,162.77345411869152,-123.66357379
E4-candidate_0077,candidate_0077,E4-candidate_0077-v1,complete,167.9683515905645,-124.29848478
E4-candidate_0077,candidate_0077,E4-candidate_0077-v2,complete,173.16324906243773,-124.49041318
E4-candidate_0077,candidate_0077,E4-candidate_0077-v3,complete,178.35814653431078,-124.31280021
E4-candidate_0077,candidate_0077,E4-candidate_0077-v4,complete,183.55304400618397,-123.82748124
E4-candidate_0084,candidate_0084,E4-candidate_0084-v0,complete,54.81951569290929,-39.15774145
E4-candidate_0084,candidate_0084,E4-candidate_0084-v1,complete,56.56907470438512,-39.36372179
E4-candidate_0084,candidate_0084,E4-candidate_0084-v2,complete,58.31863371586096,-39.42747186
E4-candidate_0084,candidate_0084,E4-candidate_0084-v3,complete,60.0681927273368,-39.3724794
E4-candidate_0084,candidate_0084,E4-candidate_0084-v4,complete,61.81775173881259,-39.21856092
E4-candidate_0086,candidate_0086,E4-candidate_0086-v0,complete,81.19632085687577,-62.22240603
E4-candidate_0086,candidate_0086,E4-candidate_0086-v1,complete,83.78769279911647,-62.54760975
E4-candidate_0086,candidate_0086,E4-candidate_0086-v2,complete,86.37906474135717,-62.64875245
E4-candidate_0086,candidate_0086,E4-candidate_0086-v3,complete,88.97043668359785,-62.56331225
E4-candidate_0086,candidate_0086,E4-candidate_0086-v4,complete,91.56180862583857,-62.32205633
E4-candidate_0096,candidate_0096,E4-candidate_0096-v0,complete,162.7634419809216,-119.57759022
E4-candidate_0096,candidate_0096,E4-candidate_0096-v1,complete,167.95801991648298,-120.21443023
E4-candidate_0096,candidate_0096,E4-candidate_0096-v2,complete,173.1525978520443,-120.41170455
E4-candidate_0096,candidate_0096,E4-candidate_0096-v3,complete,178.34717578760564,-120.24220076
E4-candidate_0096,candidate_0096,E4-candidate_0096-v4,complete,183.54175372316715,-119.7674755
E4-candidate_0097,candidate_0097,E4-candidate_0097-v0,complete,54.73313903264624,-41.270412
E4-candidate_0097,candidate_0097,E4-candidate_0097-v1,complete,56.4799413421988,-41.48216704
E4-candidate_0097,candidate_0097,E4-candidate_0097-v2,complete,58.22674365175135,-41.54838511
E4-candidate_0097,candidate_0097,E4-candidate_0097-v3,complete,59.97354596130389,-41.49286077
E4-candidate_0097,candidate_0097,E4-candidate_0097-v4,complete,61.72034827085642,-41.33553053
E4-candidate_0100,candidate_0100,E4-candidate_0100-v0,complete,54.23893344109699,-39.8020715
E4-candidate_0100,candidate_0100,E4-candidate_0100-v1,complete,55.96996323177028,-40.01514766
E4-candidate_0100,candidate_0100,E4-candidate_0100-v2,complete,57.700993022443576,-40.08162904
E4-candidate_0100,candidate_0100,E4-candidate_0100-v3,complete,59.432022813116895,-40.02580299
E4-candidate_0100,candidate_0100,E4-candidate_0100-v4,complete,61.16305260379017,-39.86813354
E4-candidate_0107,candidate_0107,E4-candidate_0107-v0,complete,143.0293561071222,-118.65096379
E4-candidate_0107,candidate_0107,E4-candidate_0107-v1,complete,147.59412279139192,-119.17034573
E4-candidate_0107,candidate_0107,E4-candidate_0107-v2,complete,152.15888947566185,-119.33690863
E4-candidate_0107,candidate_0107,E4-candidate_0107-v3,complete,156.7236561599315,-119.20714465
E4-candidate_0107,candidate_0107,E4-candidate_0107-v4,complete,161.2884228442013,-118.82859423
E4-candidate_0118,candidate_0118,E4-candidate_0118-v0,complete,54.501223709273,-43.89399833
E4-candidate_0118,candidate_0118,E4-candidate_0118-v1,complete,56.240624465951846,-44.11243398
E4-candidate_0118,candidate_0118,E4-candidate_0118-v2,complete,57.98002522263086,-44.18064772
E4-candidate_0118,candidate_0118,E4-candidate_0118-v3,complete,59.71942597930974,-44.1230747
E4-candidate_0118,candidate_0118,E4-candidate_0118-v4,complete,61.45882673598867,-43.96039363
E4-candidate_0124,candidate_0124,E4-candidate_0124-v0,complete,229.48489857538266,-186.12849178
E4-candidate_0124,candidate_0124,E4-candidate_0124-v1,complete,236.8088847001293,-186.84999244
E4-candidate_0124,candidate_0124,E4-candidate_0124-v2,complete,244.13287082487548,-187.0793266
E4-candidate_0124,candidate_0124,E4-candidate_0124-v3,complete,251.45685694962162,-186.8934134
E4-candidate_0124,candidate_0124,E4-candidate_0124-v4,complete,258.7808430743678,-186.35784789
E4-candidate_0130,candidate_0130,E4-candidate_0130-v0,complete,162.42001641429312,-124.463856
E4-candidate_0130,candidate_0130,E4-candidate_0130-v1,complete,167.60363395943003,-125.10978784
E4-candidate_0130,candidate_0130,E4-candidate_0130-v2,complete,172.78725150456705,-125.30808276
E4-candidate_0130,candidate_0130,E4-candidate_0130-v3,complete,177.97086904970405,-125.132415
E4-candidate_0130,candidate_0130,E4-candidate_0130-v4,complete,183.1544865948413,-124.64497582
E4-candidate_0131,candidate_0131,E4-candidate_0131-v0,complete,81.0278037938851,-64.60240721
E4-candidate_0131,candidate_0131,E4-candidate_0131-v1,complete,83.61379753198784,-64.93508786
E4-candidate_0131,candidate_0131,E4-candidate_0131-v2,complete,86.19979127009057,-65.03891564
E4-candidate_0131,candidate_0131,E4-candidate_0131-v3,complete,88.78578500819326,-64.95201545
E4-candidate_0131,candidate_0131,E4-candidate_0131-v4,complete,91.37177874629589,-64.70578304
E4-candidate_0132,candidate_0132,E4-candidate_0132-v0,complete,138.50486991577506,-119.35899518
E4-candidate_0132,candidate_0132,E4-candidate_0132-v1,complete,142.9252381045765,-119.90458992
E4-candidate_0132,candidate_0132,E4-candidate_0132-v2,complete,147.34560629337776,-120.07341273
E4-candidate_0132,candidate_0132,E4-candidate_0132-v3,complete,151.76597448217905,-119.92536656
E4-candidate_0132,candidate_0132,E4-candidate_0132-v4,complete,156.18634267098054,-119.51047937
E4-candidate_0134,candidate_0134,E4-candidate_0134-v0,complete,216.74527322615396,-170.1477368
E4-candidate_0134,candidate_0134,E4-candidate_0134-v1,complete,223.66267556315873,-171.02407643
E4-candidate_0134,candidate_0134,E4-candidate_0134-v2,complete,230.58007790016373,-171.29677584
E4-candidate_0134,candidate_0134,E4-candidate_0134-v3,complete,237.49748023716856,-171.06499867
E4-candidate_0134,candidate_0134,E4-candidate_0134-v4,complete,244.4148825741735,-170.41157861
E4-candidate_0140,candidate_0140,E4-candidate_0140-v0,complete,163.12796433940176,-119.2651274
E4-candidate_0140,candidate_0140,E4-candidate_0140-v1,complete,168.33417596725505,-119.88877505
E4-candidate_0140,candidate_0140,E4-candidate_0140-v2,complete,173.54038759510826,-120.08223482
E4-candidate_0140,candidate_0140,E4-candidate_0140-v3,complete,178.7465992229614,-119.91960982
E4-candidate_0140,candidate_0140,E4-candidate_0140-v4,complete,183.95281085081447,-119.46360248
E4-candidate_0142,candidate_0142,E4-candidate_0142-v0,complete,214.47843274557636,-169.26889887
E4-candidate_0142,candidate_0142,E4-candidate_0142-v1,complete,221.32348910979667,-170.09201941
E4-candidate_0142,candidate_0142,E4-candidate_0142-v2,complete,228.1685454740172,-170.34281967
E4-candidate_0142,candidate_0142,E4-candidate_0142-v3,complete,235.01360183823795,-170.12187786
E4-candidate_0142,candidate_0142,E4-candidate_0142-v4,complete,241.8586582024584,-169.53692507
E4-candidate_0143,candidate_0143,E4-candidate_0143-v0,complete,108.18389505889307,-84.50369659
E4-candidate_0143,candidate_0143,E4-candidate_0143-v1,complete,111.63657256077259,-84.94169402
E4-candidate_0143,candidate_0143,E4-candidate_0143-v2,complete,115.08925006265221,-85.07913922
E4-candidate_0143,candidate_0143,E4-candidate_0143-v3,complete,118.54192756453175,-84.96484035
E4-candidate_0143,candidate_0143,E4-candidate_0143-v4,complete,121.99460506641131,-84.64064273
E4-candidate_0151,candidate_0151,E4-candidate_0151-v0,complete,109.00878933057699,-92.21311158
E4-candidate_0151,candidate_0151,E4-candidate_0151-v1,complete,112.48779324538258,-92.65707178
E4-candidate_0151,candidate_0151,E4-candidate_0151-v2,complete,115.96679716018822,-92.79394363
E4-candidate_0151,candidate_0151,E4-candidate_0151-v3,complete,119.44580107499392,-92.67315091
E4-candidate_0151,candidate_0151,E4-candidate_0151-v4,complete,122.92480498979948,-92.33632753
E4-candidate_0153,candidate_0153,E4-candidate_0153-v0,complete,226.87730691039215,-188.20551942
E4-candidate_0153,candidate_0153,E4-candidate_0153-v1,complete,234.11807202455316,-189.02732639
E4-candidate_0153,candidate_0153,E4-candidate_0153-v2,complete,241.35883713871473,-189.28281487
E4-candidate_0153,candidate_0153,E4-candidate_0153-v3,complete,248.59960225287622,-189.06218837
E4-candidate_0153,candidate_0153,E4-candidate_0153-v4,complete,255.84036736703757,-188.44401082
E4-candidate_0155,candidate_0155,E4-candidate_0155-v0,complete,162.44705699399915,-124.41070264
E4-candidate_0155,candidate_0155,E4-candidate_0155-v1,complete,167.63153753636055,-125.05490701
E4-candidate_0155,candidate_0155,E4-candidate_0155-v2,complete,172.81601807872244,-125.25162479
E4-candidate_0155,candidate_0155,E4-candidate_0155-v3,complete,178.00049862108403,-125.07456981
E4-candidate_0155,candidate_0155,E4-candidate_0155-v4,complete,183.18497916344563,-124.58570497
E4-candidate_0157,candidate_0157,E4-candidate_0157-v0,complete,143.96425436050112,-105.6706953
E4-candidate_0157,candidate_0157,E4-candidate_0157-v1,complete,148.55885822306996,-106.15500704
E4-candidate_0157,candidate_0157,E4-candidate_0157-v2,complete,153.15346208563932,-106.30801001
E4-candidate_0157,candidate_0157,E4-candidate_0157-v3,complete,157.7480659482085,-106.18382925
E4-candidate_0157,candidate_0157,E4-candidate_0157-v4,complete,162.3426698107778,-105.82894379
E4-candidate_0164,candidate_0164,E4-candidate_0164-v0,complete,163.330976621104,-114.77249061
E4-candidate_0164,candidate_0164,E4-candidate_0164-v1,complete,168.54366736433064,-115.38149026
E4-candidate_0164,candidate_0164,E4-candidate_0164-v2,complete,173.75635810755736,-115.5661517
E4-candidate_0164,candidate_0164,E4-candidate_0164-v3,complete,178.96904885078416,-115.39849624
E4-candidate_0164,candidate_0164,E4-candidate_0164-v4,complete,184.18173959401082,-114.93981057
E4-candidate_0169,candidate_0169,E4-candidate_0169-v0,complete,161.02336166980155,-118.2175027
E4-candidate_0169,candidate_0169,E4-candidate_0169-v1,complete,166.16240512734822,-118.77202401
E4-candidate_0169,candidate_0169,E4-candidate_0169-v2,complete,171.30144858489533,-118.94580806
E4-candidate_0169,candidate_0169,E4-candidate_0169-v3,complete,176.44049204244237,-118.80547692
E4-candidate_0169,candidate_0169,E4-candidate_0169-v4,complete,181.5795354999889,-118.41221173
E4-candidate_0170,candidate_0170,E4-candidate_0170-v0,complete,109.54394817562391,-93.40439378
E4-candidate_0170,candidate_0170,E4-candidate_0170-v1,complete,113.04003162803751,-93.85372474
E4-candidate_0170,candidate_0170,E4-candidate_0170-v2,complete,116.53611508045101,-93.99719036
E4-candidate_0170,candidate_0170,E4-candidate_0170-v3,complete,120.03219853286443,-93.8835083
E4-candidate_0170,candidate_0170,E4-candidate_0170-v4,complete,123.5282819852781,-93.55383152
E4-candidate_0171,candidate_0171,E4-candidate_0171-v0,complete,107.39130596845882,-87.31797024
E4-candidate_0171,candidate_0171,E4-candidate_0171-v1,complete,110.81868807383513,-87.75265733
E4-candidate_0171,candidate_0171,E4-candidate_0171-v2,complete,114.2460701792115,-87.88771691
E4-candidate_0171,candidate_0171,E4-candidate_0171-v3,complete,117.67345228458765,-87.7721529
E4-candidate_0171,candidate_0171,E4-candidate_0171-v4,complete,121.1008343899642,-87.44684411
E4-candidate_0174,candidate_0174,E4-candidate_0174-v0,complete,136.6339900972989,-115.7625683
E4-candidate_0174,candidate_0174,E4-candidate_0174-v1,complete,140.99464935572323,-116.31539278
E4-candidate_0174,candidate_0174,E4-candidate_0174-v2,complete,145.3553086141477,-116.48568092
E4-candidate_0174,candidate_0174,E4-candidate_0174-v3,complete,149.7159678725721,-116.33460671
E4-candidate_0174,candidate_0174,E4-candidate_0174-v4,complete,154.07662713099663,-115.91419492
E4-candidate_0175,candidate_0175,E4-candidate_0175-v0,complete,218.56938283578108,-182.92137765
E4-candidate_0175,candidate_0175,E4-candidate_0175-v1,complete,225.54500143692317,-183.81810224
E4-candidate_0175,candidate_0175,E4-candidate_0175-v2,complete,232.520620038065,-184.10126115
E4-candidate_0175,candidate_0175,E4-candidate_0175-v3,complete,239.49623863920672,-183.87030138
E4-candidate_0175,candidate_0175,E4-candidate_0175-v4,complete,246.4718572403486,-183.21114148
E4-candidate_0177,candidate_0177,E4-candidate_0177-v0,complete,54.137541298386736,-42.2592386
E4-candidate_0177,candidate_0177,E4-candidate_0177-v1,complete,55.86533516961187,-42.47833725
E4-candidate_0177,candidate_0177,E4-candidate_0177-v2,complete,57.59312904083699,-42.54754954
E4-candidate_0177,candidate_0177,E4-candidate_0177-v3,complete,59.32092291206206,-42.49143279
E4-candidate_0177,candidate_0177,E4-candidate_0177-v4,complete,61.048716783287176,-42.33112101
E4-candidate_0184,candidate_0184,E4-candidate_0184-v0,complete,137.93275715955795,-102.93513171
E4-candidate_0184,candidate_0184,E4-candidate_0184-v1,complete,142.3348664306076,-103.45493891
E4-candidate_0184,candidate_0184,E4-candidate_0184-v2,complete,146.73697570165731,-103.61949861
E4-candidate_0184,candidate_0184,E4-candidate_0184-v3,complete,151.13908497270702,-103.4862964
E4-candidate_0184,candidate_0184,E4-candidate_0184-v4,complete,155.54119424375685,-103.10485515
E4-candidate_0194,candidate_0194,E4-candidate_0194-v0,complete,161.9902697123274,-131.52265536
E4-candidate_0194,candidate_0194,E4-candidate_0194-v1,complete,167.16017193718898,-132.19263628
E4-candidate_0194,candidate_0194,E4-candidate_0194-v2,complete,172.33007416205044,-132.40200592
E4-candidate_0194,candidate_0194,E4-candidate_0194-v3,complete,177.49997638691212,-132.22642499
E4-candidate_0194,candidate_0194,E4-candidate_0194-v4,complete,182.6698786117736,-131.7286863
E4-candidate_0195,candidate_0195,E4-candidate_0195-v0,complete,144.11559803736677,-116.85921092
E4-candidate_0195,candidate_0195,E4-candidate_0195-v1,complete,148.71503201728277,-117.36342779
E4-candidate_0195,candidate_0195,E4-candidate_0195-v2,complete,153.31446599719874,-117.52071605
E4-candidate_0195,candidate_0195,E4-candidate_0195-v3,complete,157.91389997711474,-117.38489083
E4-candidate_0195,candidate_0195,E4-candidate_0195-v4,complete,162.51333395703048,-117.00251279
E4-candidate_0196,candidate_0196,E4-candidate_0196-v0,complete,164.2412136352365,-136.28593133
E4-candidate_0196,candidate_0196,E4-candidate_0196-v1,complete,169.4829544959354,-136.94973782
E4-candidate_0196,candidate_0196,E4-candidate_0196-v2,complete,174.72469535663447,-137.15916376
E4-candidate_0196,candidate_0196,E4-candidate_0196-v3,complete,179.9664362173335,-136.98687337
E4-candidate_0196,candidate_0196,E4-candidate_0196-v4,complete,185.20817707803255,-136.49446276
E4-candidate_0200,candidate_0200,E4-candidate_0200-v0,complete,135.50245028933514,-108.12546305
E4-candidate_0200,candidate_0200,E4-candidate_0200-v1,complete,139.82699657516503,-108.67272341
E4-candidate_0200,candidate_0200,E4-candidate_0200-v2,complete,144.15154286099488,-108.81014165
E4-candidate_0200,candidate_0200,E4-candidate_0200-v3,complete,148.47608914682473,-108.66667515
E4-candidate_0200,candidate_0200,E4-candidate_0200-v4,complete,152.80063543265464,-108.25955288
E4-candidate_0215,candidate_0215,E4-candidate_0215-v0,complete,135.61594848406997,-101.60144051
E4-candidate_0215,candidate_0215,E4-candidate_0215-v1,complete,139.94411705271045,-102.13521187
E4-candidate_0215,candidate_0215,E4-candidate_0215-v2,complete,144.27228562135102,-102.3020761
E4-candidate_0215,candidate_0215,E4-candidate_0215-v3,complete,148.60045418999147,-102.16321407
E4-candidate_0215,candidate_0215,E4-candidate_0215-v4,complete,152.92862275863203,-101.77034592
E4-candidate_0221,candidate_0221,E4-candidate_0221-v0,complete,40.57738570781647,-33.3339982
E4-candidate_0221,candidate_0221,E4-candidate_0221-v1,complete,41.87240865593827,-33.50173422
E4-candidate_0221,candidate_0221,E4-candidate_0221-v2,complete,43.16743160406007,-33.55399946
E4-candidate_0221,candidate_0221,E4-candidate_0221-v3,complete,44.46245455218187,-33.5096313
E4-candidate_0221,candidate_0221,E4-candidate_0221-v4,complete,45.75747750030368,-33.38483965
E4-candidate_0224,candidate_0224,E4-candidate_0224-v0,complete,143.94029387524998,-123.32874416
E4-candidate_0224,candidate_0224,E4-candidate_0224-v1,complete,148.53413304148157,-123.84008698
E4-candidate_0224,candidate_0224,E4-candidate_0224-v2,complete,153.127972207713,-124.00022639
E4-candidate_0224,candidate_0224,E4-candidate_0224-v3,complete,157.72181137394423,-123.86389039
E4-candidate_0224,candidate_0224,E4-candidate_0224-v4,complete,162.31565054017568,-123.47765743
E4-candidate_0227,candidate_0227,E4-candidate_0227-v0,complete,160.32163744648463,-110.07387244
E4-candidate_0227,candidate_0227,E4-candidate_0227-v1,complete,165.43828545009592,-110.58836552
E4-candidate_0227,candidate_0227,E4-candidate_0227-v2,complete,170.55493345370706,-110.74386716
E4-candidate_0227,candidate_0227,E4-candidate_0227-v3,complete,175.67158145731827,-110.60335188
E4-candidate_0227,candidate_0227,E4-candidate_0227-v4,complete,180.78822946092933,-110.22031357
E4-candidate_0230,candidate_0230,E4-candidate_0230-v0,complete,217.5308979958013,-179.7899419
E4-candidate_0230,candidate_0230,E4-candidate_0230-v1,complete,224.4733734637526,-180.69547845
E4-candidate_0230,candidate_0230,E4-candidate_0230-v2,complete,231.41584893170332,-180.98731665
E4-candidate_0230,candidate_0230,E4-candidate_0230-v3,complete,238.3583243996547,-180.76432687
E4-candidate_0230,candidate_0230,E4-candidate_0230-v4,complete,245.30079986760578,-180.18134806
E4-candidate_0236,candidate_0236,E4-candidate_0236-v0,complete,81.20805564876024,-62.18233759
E4-candidate_0236,candidate_0236,E4-candidate_0236-v1,complete,83.79980210563566,-62.50709597
E4-candidate_0236,candidate_0236,E4-candidate_0236-v2,complete,86.39154856251093,-62.60792818
E4-candidate_0236,candidate_0236,E4-candidate_0236-v3,complete,88.98329501938625,-62.52183144
E4-candidate_0236,candidate_0236,E4-candidate_0236-v4,complete,91.57504147626163,-62.27984494
E4-candidate_0241,candidate_0241,E4-candidate_0241-v0,complete,162.76992425070145,-121.35688657
E4-candidate_0241,candidate_0241,E4-candidate_0241-v1,complete,167.9647090672131,-121.99407503
E4-candidate_0241,candidate_0241,E4-candidate_0241-v2,complete,173.1594938837249,-122.19173431
E4-candidate_0241,candidate_0241,E4-candidate_0241-v3,complete,178.35427870023668,-122.02270431
E4-candidate_0241,candidate_0241,E4-candidate_0241-v4,complete,183.5490635167483,-121.54879549
E4-candidate_0244,candidate_0244,E4-candidate_0244-v0,complete,142.53716874340262,-115.38236676
E4-candidate_0244,candidate_0244,E4-candidate_0244-v1,complete,147.08622732031978,-115.88799224
E4-candidate_0244,candidate_0244,E4-candidate_0244-v2,complete,151.63528589723703,-116.04367234
E4-candidate_0244,candidate_0244,E4-candidate_0244-v3,complete,156.18434447415405,-115.90595189
E4-candidate_0244,candidate_0244,E4-candidate_0244-v4,complete,160.73340305107132,-115.52301529
E4-candidate_0249,candidate_0249,E4-candidate_0249-v0,complete,107.98437900285181,-86.89874573
E4-candidate_0249,candidate_0249,E4-candidate_0249-v1,complete,111.43068897102789,-87.34585941
E4-candidate_0249,candidate_0249,E4-candidate_0249-v2,complete,114.87699893920403,-87.48674966
E4-candidate_0249,candidate_0249,E4-candidate_0249-v3,complete,118.32330890738014,-87.37128906
E4-candidate_0249,candidate_0249,E4-candidate_0249-v4,complete,121.76961887555622,-87.04198312
E4-candidate_0253,candidate_0253,E4-candidate_0253-v0,complete,189.44075608425115,-146.73558361
E4-candidate_0253,candidate_0253,E4-candidate_0253-v1,complete,195.4867376614081,-147.49460884
E4-candidate_0253,candidate_0253,E4-candidate_0253-v2,complete,201.53271923856502,-147.72942767
E4-candidate_0253,candidate_0253,E4-candidate_0253-v3,complete,207.57870081572196,-147.52661126
E4-candidate_0253,candidate_0253,E4-candidate_0253-v4,complete,213.6246823928788,-146.95906314
E4-candidate_0261,candidate_0261,E4-candidate_0261-v0,complete,164.20827534458894,-136.3622156
E4-candidate_0261,candidate_0261,E4-candidate_0261-v1,complete,169.44896498324593,-137.02658681
E4-candidate_0261,candidate_0261,E4-candidate_0261-v2,complete,174.68965462190312,-137.23680967
E4-candidate_0261,candidate_0261,E4-candidate_0261-v3,complete,179.9303442605602,-137.06549371
E4-candidate_0261,candidate_0261,E4-candidate_0261-v4,complete,185.17103389921718,-136.61894506
E4-candidate_0264,candidate_0264,E4-candidate_0264-v0,complete,103.5349699108442,-68.94626358
E4-candidate_0264,candidate_0264,E4-candidate_0264-v1,complete,106.83927746119028,-69.29855549
E4-candidate_0264,candidate_0264,E4-candidate_0264-v2,complete,110.14358501153632,-69.40714498
E4-candidate_0264,candidate_0264,E4-candidate_0264-v3,complete,113.4478925618825,-69.31423892
E4-candidate_0264,candidate_0264,E4-candidate_0264-v4,complete,116.75220011222858,-69.05405146
E4-candidate_0269,candidate_0269,E4-candidate_0269-v0,complete,116.21116601857892,-99.63348094
E4-candidate_0269,candidate_0269,E4-candidate_0269-v1,complete,119.92003301917192,-100.01877478
E4-candidate_0269,candidate_0269,E4-candidate_0269-v2,complete,123.62890001976498,-100.14044076
E4-candidate_0269,candidate_0269,E4-candidate_0269-v3,complete,127.33776702035799,-100.03963289
E4-candidate_0269,candidate_0269,E4-candidate_0269-v4,complete,131.0466340209508,-99.75465972
E4-candidate_0273,candidate_0273,E4-candidate_0273-v0,complete,162.63666464643597,-125.78187321
E4-candidate_0273,candidate_0273,E4-candidate_0273-v1,complete,167.82719649685419,-126.43185406
E4-candidate_0273,candidate_0273,E4-candidate_0273-v2,complete,173.0177283472723,-126.63453319
E4-candidate_0273,candidate_0273,E4-candidate_0273-v3,complete,178.20826019769044,-126.46397696
E4-candidate_0273,candidate_0273,E4-candidate_0273-v4,complete,183.39879204810842,-125.98467759
E4-candidate_0284,candidate_0284,E4-candidate_0284-v0,complete,158.81800668503743,-112.86377023
E4-candidate_0284,candidate_0284,E4-candidate_0284-v1,complete,163.8866664728578,-113.4041081
E4-candidate_0284,candidate_0284,E4-candidate_0284-v2,complete,168.95532626067796,-113.57414875
E4-candidate_0284,candidate_0284,E4-candidate_0284-v3,complete,174.02398604849864,-113.43940835
E4-candidate_0284,candidate_0284,E4-candidate_0284-v4,complete,179.09264583631858,-113.05431696
E4-candidate_0292,candidate_0292,E4-candidate_0292-v0,complete,139.97246530551396,-121.38425663
E4-candidate_0292,candidate_0292,E4-candidate_0292-v1,complete,144.43967164505153,-121.92025915
E4-candidate_0292,candidate_0292,E4-candidate_0292-v2,complete,148.90687798458927,-122.08456797
E4-candidate_0292,candidate_0292,E4-candidate_0292-v3,complete,153.37408432412676,-121.93534501
E4-candidate_0292,candidate_0292,E4-candidate_0292-v4,complete,157.8412906636645,-121.52196041
E4-candidate_0294,candidate_0294,E4-candidate_0294-v0,complete,215.55959884255844,-152.64909763
E4-candidate_0294,candidate_0294,E4-candidate_0294-v1,complete,222.43916050774644,-153.37254995
E4-candidate_0294,candidate_0294,E4-candidate_0294-v2,complete,229.31872217293449,-153.59562558
E4-candidate_0294,candidate_0294,E4-candidate_0294-v3,complete,236.19828383812242,-153.40617119
E4-candidate_0294,candidate_0294,E4-candidate_0294-v4,complete,243.07784550330996,-152.88005801
E4-candidate_0299,candidate_0299,E4-candidate_0299-v0,complete,162.56855110497034,-122.03388574
E4-candidate_0299,candidate_0299,E4-candidate_0299-v1,complete,167.75690911895867,-122.67690211
E4-candidate_0299,candidate_0299,E4-candidate_0299-v2,complete,172.9452671329471,-122.87608937
E4-candidate_0299,candidate_0299,E4-candidate_0299-v3,complete,178.1336251469352,-122.7051915
E4-candidate_0299,candidate_0299,E4-candidate_0299-v4,complete,183.32198316092393,-122.22572271
E4-candidate_0300,candidate_0300,E4-candidate_0300-v0,complete,111.40569873327178,-92.50443427
E4-candidate_0300,candidate_0300,E4-candidate_0300-v1,complete,114.96119975667415,-92.93024346
E4-candidate_0300,candidate_0300,E4-candidate_0300-v2,complete,118.5167007800763,-93.06262958
E4-candidate_0300,candidate_0300,E4-candidate_0300-v3,complete,122.07220180347868,-92.9479478
E4-candidate_0300,candidate_0300,E4-candidate_0300-v4,complete,125.62770282688099,-92.6256243
E4-candidate_0301,candidate_0301,E4-candidate_0301-v0,complete,81.07343193180418,-64.60239114
E4-candidate_0301,candidate_0301,E4-candidate_0301-v1,complete,83.66088188707448,-64.93209087
E4-candidate_0301,candidate_0301,E4-candidate_0301-v2,complete,86.24833184234483,-65.03400024
E4-candidate_0301,candidate_0301,E4-candidate_0301-v3,complete,88.83578179761514,-64.94573709
E4-candidate_0301,candidate_0301,E4-candidate_0301-v4,complete,91.42323175288553,-64.69856832
E4-candidate_0305,candidate_0305,E4-candidate_0305-v0,complete,267.2378844260259,-202.29717405
E4-candidate_0305,candidate_0305,E4-candidate_0305-v1,complete,275.7667530779206,-203.30215879
E4-candidate_0305,candidate_0305,E4-candidate_0305-v2,complete,284.29562172981497,-203.61480021
E4-candidate_0305,candidate_0305,E4-candidate_0305-v3,complete,292.8244903817092,-203.34891626
E4-candidate_0305,candidate_0305,E4-candidate_0305-v4,complete,301.3533590336037,-202.60046844
E4-candidate_0311,candidate_0311,E4-candidate_0311-v0,complete,141.78208101217356,-115.29532976
E4-candidate_0311,candidate_0311,E4-candidate_0311-v1,complete,146.30704104447705,-115.80995749
E4-candidate_0311,candidate_0311,E4-candidate_0311-v2,complete,150.83200107678053,-115.97068838
E4-candidate_0311,candidate_0311,E4-candidate_0311-v3,complete,155.356961109084,-115.8333444
E4-candidate_0311,candidate_0311,E4-candidate_0311-v4,complete,159.88192114138727,-115.44573801
E4-candidate_0312,candidate_0312,E4-candidate_0312-v0,complete,67.88770648830989,-50.82885631
E4-candidate_0312,candidate_0312,E4-candidate_0312-v1,complete,70.0543354187878,-51.09316115
E4-candidate_0312,candidate_0312,E4-candidate_0312-v2,complete,72.22096434926578,-51.17626032
E4-candidate_0312,candidate_0312,E4-candidate_0312-v3,complete,74.38759327974373,-51.10874463
E4-candidate_0312,candidate_0312,E4-candidate_0312-v4,complete,76.55422221022168,-50.91645794
E4-candidate_0313,candidate_0313,E4-candidate_0313-v0,complete,217.07707229571943,-165.63347901
E4-candidate_0313,candidate_0313,E4-candidate_0313-v1,complete,224.00506396473162,-166.48487079
E4-candidate_0313,candidate_0313,E4-candidate_0313-v2,complete,230.93305563374417,-166.74274525
E4-candidate_0313,candidate_0313,E4-candidate_0313-v3,complete,237.86104730275653,-166.50571709
E4-candidate_0313,candidate_0313,E4-candidate_0313-v4,complete,244.78903897176878,-165.85852535
E4-candidate_0320,candidate_0320,E4-candidate_0320-v0,complete,216.5346653995506,-156.5728314
E4-candidate_0320,candidate_0320,E4-candidate_0320-v1,complete,223.4453462101745,-157.30917215
E4-candidate_0320,candidate_0320,E4-candidate_0320-v2,complete,230.35602702079854,-157.53782697
E4-candidate_0320,candidate_0320,E4-candidate_0320-v3,complete,237.26670783142268,-157.34416592
E4-candidate_0320,candidate_0320,E4-candidate_0320-v4,complete,244.1773886420461,-156.80170135
E4-candidate_0330,candidate_0330,E4-candidate_0330-v0,complete,54.19851142789447,-41.91607994
E4-candidate_0330,candidate_0330,E4-candidate_0330-v1,complete,55.92825115431664,-42.13258972
E4-candidate_0330,candidate_0330,E4-candidate_0330-v2,complete,57.657990880738794,-42.19979609
E4-candidate_0330,candidate_0330,E4-candidate_0330-v3,complete,59.387730607160954,-42.14211509
E4-candidate_0330,candidate_0330,E4-candidate_0330-v4,complete,61.117470333583114,-41.98012435
E4-candidate_0331,candidate_0331,E4-candidate_0331-v0,complete,216.94728762125078,-165.61250929
E4-candidate_0331,candidate_0331,E4-candidate_0331-v1,complete,223.87113722618412,-166.47492929
E4-candidate_0331,candidate_0331,E4-candidate_0331-v2,complete,230.79498683111774,-166.74205858
E4-candidate_0331,candidate_0331,E4-candidate_0331-v3,complete,237.71883643605125,-166.51218105
E4-candidate_0331,candidate_0331,E4-candidate_0331-v4,complete,244.64268604098464,-165.86824584
E4-candidate_0332,candidate_0332,E4-candidate_0332-v0,complete,67.81150344052482,-52.99354192
E4-candidate_0332,candidate_0332,E4-candidate_0332-v1,complete,69.97570035883939,-53.26298905
E4-candidate_0332,candidate_0332,E4-candidate_0332-v2,complete,72.13989727715402,-53.34634091
E4-candidate_0332,candidate_0332,E4-candidate_0332-v3,complete,74.30409419546868,-53.27505797
E4-candidate_0332,candidate_0332,E4-candidate_0332-v4,complete,76.46829111378318,-53.07571221
E4-candidate_0336,candidate_0336,E4-candidate_0336-v0,complete,256.65536010964723,-194.51034906
E4-candidate_0336,candidate_0336,E4-candidate_0336-v1,complete,264.84648862378504,-195.40556527
E4-candidate_0336,candidate_0336,E4-candidate_0336-v2,complete,273.0376171379226,-195.68349793
E4-candidate_0336,candidate_0336,E4-candidate_0336-v3,complete,281.2287456520603,-195.4481831
E4-candidate_0336,candidate_0336,E4-candidate_0336-v4,complete,289.4198741661978,-194.78832325
E4-candidate_0339,candidate_0339,E4-candidate_0339-v0,complete,54.095331964688334,-42.22035003
E4-candidate_0339,candidate_0339,E4-candidate_0339-v1,complete,55.82177872951881,-42.4386563
E4-candidate_0339,candidate_0339,E4-candidate_0339-v2,complete,57.54822549434932,-42.50636128
E4-candidate_0339,candidate_0339,E4-candidate_0339-v3,complete,59.27467225917979,-42.44821695
E4-candidate_0339,candidate_0339,E4-candidate_0339-v4,complete,61.00111902401026,-42.28513877
E4-candidate_0342,candidate_0342,E4-candidate_0342-v0,complete,54.51613045221467,-46.06902084
E4-candidate_0342,candidate_0342,E4-candidate_0342-v1,complete,56.25600695600871,-46.29104331
E4-candidate_0342,candidate_0342,E4-candidate_0342-v2,complete,57.99588345980283,-46.35991045
E4-candidate_0342,candidate_0342,E4-candidate_0342-v3,complete,59.735759963596905,-46.29999562
E4-candidate_0342,candidate_0342,E4-candidate_0342-v4,complete,61.475636467391034,-46.13236208
E4-candidate_0343,candidate_0343,E4-candidate_0343-v0,complete,162.8701704879758,-119.53168528
E4-candidate_0343,candidate_0343,E4-candidate_0343-v1,complete,168.06815465248562,-120.1628632
E4-candidate_0343,candidate_0343,E4-candidate_0343-v2,complete,173.2661388169955,-120.35578295
E4-candidate_0343,candidate_0343,E4-candidate_0343-v3,complete,178.46412298150534,-120.18320094
E4-candidate_0343,candidate_0343,E4-candidate_0343-v4,complete,183.66210714601525,-119.70634261
E4-candidate_0355,candidate_0355,E4-candidate_0355-v0,complete,163.28660568403166,-114.58648309
E4-candidate_0355,candidate_0355,E4-candidate_0355-v1,complete,168.49788033352186,-115.21126369
E4-candidate_0355,candidate_0355,E4-candidate_0355-v2,complete,173.70915498301224,-115.40623017
E4-candidate_0355,candidate_0355,E4-candidate_0355-v3,complete,178.92042963250267,-115.24276868
E4-candidate_0355,candidate_0355,E4-candidate_0355-v4,complete,184.13170428199302,-114.78172897
E4-candidate_0357,candidate_0357,E4-candidate_0357-v0,complete,272.61768678636923,-217.44144718
E4-candidate_0357,candidate_0357,E4-candidate_0357-v1,complete,281.31825125827464,-218.5262801
E4-candidate_0357,candidate_0357,E4-candidate_0357-v2,complete,290.0188157301799,-218.86392833
E4-candidate_0357,candidate_0357,E4-candidate_0357-v3,complete,298.71938020208535,-218.57613645
E4-candidate_0357,candidate_0357,E4-candidate_0357-v4,complete,307.41994467399036,-217.76758035
E4-candidate_0367,candidate_0367,E4-candidate_0367-v0,complete,216.77369872889895,-167.97744452
E4-candidate_0367,candidate_0367,E4-candidate_0367-v1,complete,223.69200826279982,-168.84546804
E4-candidate_0367,candidate_0367,E4-candidate_0367-v2,complete,230.6103177967009,-169.11391368
E4-candidate_0367,candidate_0367,E4-candidate_0367-v3,complete,237.528627330602,-168.88148658
E4-candidate_0367,candidate_0367,E4-candidate_0367-v4,complete,244.446936864503,-168.23085481
E4-candidate_0369,candidate_0369,E4-candidate_0369-v0,complete,108.40313218990742,-83.8847154
E4-candidate_0369,candidate_0369,E4-candidate_0369-v1,complete,111.86280662150023,-84.31855548
E4-candidate_0369,candidate_0369,E4-candidate_0369-v2,complete,115.32248105309311,-84.45425253
E4-candidate_0369,candidate_0369,E4-candidate_0369-v3,complete,118.7821554846859,-84.34092555
E4-candidate_0369,candidate_0369,E4-candidate_0369-v4,complete,122.24182991627876,-84.01901786
E4-candidate_0370,candidate_0370,E4-candidate_0370-v0,complete,209.82456575672063,-172.60976865
E4-candidate_0370,candidate_0370,E4-candidate_0370-v1,complete,216.52109445108397,-173.41558474
E4-candidate_0370,candidate_0370,E4-candidate_0370-v2,complete,223.21762314544742,-173.66914733
E4-candidate_0370,candidate_0370,E4-candidate_0370-v3,complete,229.91415183981073,-173.45917374
E4-candidate_0370,candidate_0370,E4-candidate_0370-v4,complete,236.61068053417415,-172.86085586
E4-candidate_0374,candidate_0374,E4-candidate_0374-v0,complete,163.0581394460371,-117.01796723
E4-candidate_0374,candidate_0374,E4-candidate_0374-v1,complete,168.26212261984654,-117.64186616
E4-candidate_0374,candidate_0374,E4-candidate_0374-v2,complete,173.46610579365634,-117.83575161
E4-candidate_0374,candidate_0374,E4-candidate_0374-v3,complete,178.67008896746594,-117.67185607
E4-candidate_0374,candidate_0374,E4-candidate_0374-v4,complete,183.87407214127572,-117.21126704
E4-candidate_0376,candidate_0376,E4-candidate_0376-v0,complete,163.5047809087983,-135.93468189
E4-candidate_0376,candidate_0376,E4-candidate_0376-v1,complete,168.72301859737684,-136.5928245
E4-candidate_0376,candidate_0376,E4-candidate_0376-v2,complete,173.94125628595563,-136.79419466
E4-candidate_0376,candidate_0376,E4-candidate_0376-v3,complete,179.1594939745343,-136.61280432
E4-candidate_0376,candidate_0376,E4-candidate_0376-v4,complete,184.37773166311308,-136.11141002
E4-candidate_0377,candidate_0377,E4-candidate_0377-v0,complete,81.167583876518,-62.26439452
E4-candidate_0377,candidate_0377,E4-candidate_0377-v1,complete,83.75803868108774,-62.58952929
E4-candidate_0377,candidate_0377,E4-candidate_0377-v2,complete,86.34849348565749,-62.69066667
E4-candidate_0377,candidate_0377,E4-candidate_0377-v3,complete,88.93894829022717,-62.60451641
E4-candidate_0377,candidate_0377,E4-candidate_0377-v4,complete,91.52940309479693,-62.36239699
E4-candidate_0383,candidate_0383,E4-candidate_0383-v0,complete,141.6800105285815,-108.20764334
E4-candidate_0383,candidate_0383,E4-candidate_0383-v1,complete,146.20171299225967,-108.68952261
E4-candidate_0383,candidate_0383,E4-candidate_0383-v2,complete,150.72341545593773,-108.83927713
E4-candidate_0383,candidate_0383,E4-candidate_0383-v3,complete,155.24511791961564,-108.71023065
E4-candidate_0383,candidate_0383,E4-candidate_0383-v4,complete,159.76682038329398,-108.34837616
E4-candidate_0388,candidate_0388,E4-candidate_0388-v0,complete,138.20589038922355,-117.42776202
E4-candidate_0388,candidate_0388,E4-candidate_0388-v1,complete,142.61671667824157,-117.97788355
E4-candidate_0388,candidate_0388,E4-candidate_0388-v2,complete,147.02754296725914,-118.15169031
E4-candidate_0388,candidate_0388,E4-candidate_0388-v3,complete,151.438369256277,-118.00971623
E4-candidate_0388,candidate_0388,E4-candidate_0388-v4,complete,155.84919554529495,-117.60522068
E4-candidate_0393,candidate_0393,E4-candidate_0393-v0,complete,217.63514339512375,-145.60171533
E4-candidate_0393,candidate_0393,E4-candidate_0393-v1,complete,224.58094584390432,-146.31476402
E4-candidate_0393,candidate_0393,E4-candidate_0393-v2,complete,231.52674829268489,-146.53208672
E4-candidate_0393,candidate_0393,E4-candidate_0393-v3,complete,238.47255074146548,-146.33591071
E4-candidate_0393,candidate_0393,E4-candidate_0393-v4,complete,245.41835319024588,-145.79621864
E4-candidate_0396,candidate_0396,E4-candidate_0396-v0,complete,81.46632954537552,-68.41435392
E4-candidate_0396,candidate_0396,E4-candidate_0396-v1,complete,84.06631878618539,-68.75157813
E4-candidate_0396,candidate_0396,E4-candidate_0396-v2,complete,86.66630802699525,-68.85768546
E4-candidate_0396,candidate_0396,E4-candidate_0396-v3,complete,89.26629726780506,-68.77028738
E4-candidate_0396,candidate_0396,E4-candidate_0396-v4,complete,91.86628650861495,-68.52026848
E4-candidate_0397,candidate_0397,E4-candidate_0397-v0,complete,217.66588332378046,-179.77295363
E4-candidate_0397,candidate_0397,E4-candidate_0397-v1,complete,224.61266683411378,-180.6668665
E4-candidate_0397,candidate_0397,E4-candidate_0397-v2,complete,231.5594503444475,-180.94880056
E4-candidate_0397,candidate_0397,E4-candidate_0397-v3,complete,238.50623385478093,-180.71802389
E4-candidate_0397,candidate_0397,E4-candidate_0397-v4,complete,245.45301736511394,-180.1188709
E4-candidate_0399,candidate_0399,E4-candidate_0399-v0,complete,81.17372851305309,-62.18259575
E4-candidate_0399,candidate_0399,E4-candidate_0399-v1,complete,83.76437942304398,-62.5084008
E4-candidate_0399,candidate_0399,E4-candidate_0399-v2,complete,86.35503033303506,-62.60993522
E4-candidate_0399,candidate_0399,E4-candidate_0399-v3,complete,88.94568124302609,-62.52427209
E4-candidate_0399,candidate_0399,E4-candidate_0399-v4,complete,91.53633215301718,-62.28241145
E4-candidate_0400,candidate_0400,E4-candidate_0400-v0,complete,251.18656682382746,-205.47427437
E4-candidate_0400,candidate_0400,E4-candidate_0400-v1,complete,259.20315938203464,-206.41664695
E4-candidate_0400,candidate_0400,E4-candidate_0400-v2,complete,267.2197519402417,-206.70799199
E4-candidate_0400,candidate_0400,E4-candidate_0400-v3,complete,275.2363444984489,-206.45439628
E4-candidate_0400,candidate_0400,E4-candidate_0400-v4,complete,283.252937056656,-205.76250608
E4-candidate_0403,candidate_0403,E4-candidate_0403-v0,complete,216.93194668561287,-165.75628289
E4-candidate_0403,candidate_0403,E4-candidate_0403-v1,complete,223.85530668621752,-166.61849233
E4-candidate_0403,candidate_0403,E4-candidate_0403-v2,complete,230.77866668682222,-166.88621589
E4-candidate_0403,candidate_0403,E4-candidate_0403-v3,complete,237.7020266874268,-166.65832573
E4-candidate_0403,candidate_0403,E4-candidate_0403-v4,complete,244.62538668803163,-166.01770042
E4-candidate_0404,candidate_0404,E4-candidate_0404-v0,complete,162.9510464520719,-119.1918692
E4-candidate_0404,candidate_0404,E4-candidate_0404-v1,complete,168.15161176437203,-119.81866059
E4-candidate_0404,candidate_0404,E4-candidate_0404-v2,complete,173.35217707667215,-120.01035045
E4-candidate_0404,candidate_0404,E4-candidate_0404-v3,complete,178.5527423889722,-119.83962029
E4-candidate_0404,candidate_0404,E4-candidate_0404-v4,complete,183.7533077012726,-119.367978
E4-candidate_0407,candidate_0407,E4-candidate_0407-v0,complete,163.33832686091378,-112.53919266
E4-candidate_0407,candidate_0407,E4-candidate_0407-v1,complete,168.55125218626202,-113.15004607
E4-candidate_0407,candidate_0407,E4-candidate_0407-v2,complete,173.76417751161048,-113.33868483
E4-candidate_0407,candidate_0407,E4-candidate_0407-v3,complete,178.97710283695858,-113.17675618
E4-candidate_0407,candidate_0407,E4-candidate_0407-v4,complete,184.19002816230716,-112.72462384
E4-candidate_0411,candidate_0411,E4-candidate_0411-v0,complete,163.60693382255744,-134.95424823
E4-candidate_0411,candidate_0411,E4-candidate_0411-v1,complete,168.8284317105114,-135.62417444
E4-candidate_0411,candidate_0411,E4-candidate_0411-v2,complete,174.04992959846533,-135.83843327
E4-candidate_0411,candidate_0411,E4-candidate_0411-v3,complete,179.27142748641919,-135.67013895
E4-candidate_0411,candidate_0411,E4-candidate_0411-v4,complete,184.49292537437356,-135.18501404
E4-candidate_0412,candidate_0412,E4-candidate_0412-v0,complete,54.27142962123063,-41.9400479
E4-candidate_0412,candidate_0412,E4-candidate_0412-v1,complete,56.00349652403582,-42.15576626
E4-candidate_0412,candidate_0412,E4-candidate_0412-v2,complete,57.73556342684106,-42.22155049
E4-candidate_0412,candidate_0412,E4-candidate_0412-v3,complete,59.467630329646305,-42.16338757
E4-candidate_0412,candidate_0412,E4-candidate_0412-v4,complete,61.199697232451506,-42.00086807
E4-candidate_0413,candidate_0413,E4-candidate_0413-v0,complete,189.97059134406607,-159.06033599
E4-candidate_0413,candidate_0413,E4-candidate_0413-v1,complete,196.03348255717435,-159.84513574
E4-candidate_0413,candidate_0413,E4-candidate_0413-v2,complete,202.09637377028298,-160.09032715
E4-candidate_0413,candidate_0413,E4-candidate_0413-v3,complete,208.15926498339147,-159.88327091
E4-candidate_0413,candidate_0413,E4-candidate_0413-v4,complete,214.22215619649987,-159.29710595
E4-candidate_0414,candidate_0414,E4-candidate_0414-v0,complete,216.9551276656357,-167.96359841
E4-candidate_0414,candidate_0414,E4-candidate_0414-v1,complete,223.87922748475165,-168.82110716
E4-candidate_0414,candidate_0414,E4-candidate_0414-v2,complete,230.80332730386777,-169.08092284
E4-candidate_0414,candidate_0414,E4-candidate_0414-v3,complete,237.7274271229839,-168.84171929
E4-candidate_0414,candidate_0414,E4-candidate_0414-v4,complete,244.65152694209962,-168.18716912
E4-candidate_0416,candidate_0416,E4-candidate_0416-v0,complete,162.4835098275756,-122.00753125
E4-candidate_0416,candidate_0416,E4-candidate_0416-v1,complete,167.66915375824277,-122.65614891
E4-candidate_0416,candidate_0416,E4-candidate_0416-v2,complete,172.85479768891022,-122.8600999
E4-candidate_0416,candidate_0416,E4-candidate_0416-v3,complete,178.0404416195774,-122.69302822
E4-candidate_0416,candidate_0416,E4-candidate_0416-v4,complete,183.22608555024487,-122.21670375
E4-candidate_0433,candidate_0433,E4-candidate_0433-v0,complete,266.7703317723971,-202.66115545
E4-candidate_0433,candidate_0433,E4-candidate_0433-v1,complete,275.28427853109054,-203.67182211
E4-candidate_0433,candidate_0433,E4-candidate_0433-v2,complete,283.79822528978366,-203.98612788
E4-candidate_0433,candidate_0433,E4-candidate_0433-v3,complete,292.31217204847746,-203.71770978
E4-candidate_0433,candidate_0433,E4-candidate_0433-v4,complete,300.8261188071712,-202.96290444
E4-candidate_0435,candidate_0435,E4-candidate_0435-v0,complete,155.67148282837667,-94.97315464
E4-candidate_0435,candidate_0435,E4-candidate_0435-v1,complete,160.6397216420481,-95.43440426
E4-candidate_0435,candidate_0435,E4-candidate_0435-v2,complete,165.60796045571988,-95.57698384
E4-candidate_0435,candidate_0435,E4-candidate_0435-v3,complete,170.57619926939128,-95.45692496
E4-candidate_0435,candidate_0435,E4-candidate_0435-v4,complete,175.544438083063,-95.12178427
E4-candidate_0440,candidate_0440,E4-candidate_0440-v0,complete,138.2875678720705,-111.03983412
E4-candidate_0440,candidate_0440,E4-candidate_0440-v1,complete,142.70100088926444,-111.51043474
E4-candidate_0440,candidate_0440,E4-candidate_0440-v2,complete,147.1144339064582,-111.65536547
E4-candidate_0440,candidate_0440,E4-candidate_0440-v3,complete,151.52786692365183,-111.52557043
E4-candidate_0440,candidate_0440,E4-candidate_0440-v4,complete,155.94129994084565,-111.16409777
E4-candidate_0446,candidate_0446,E4-candidate_0446-v0,complete,42.39148605046028,-36.93518039
E4-candidate_0446,candidate_0446,E4-candidate_0446-v1,complete,43.744405818028156,-37.09633831
E4-candidate_0446,candidate_0446,E4-candidate_0446-v2,complete,45.09732558559604,-37.14743186
E4-candidate_0446,candidate_0446,E4-candidate_0446-v3,complete,46.45024535316392,-37.10530228
E4-candidate_0446,candidate_0446,E4-candidate_0446-v4,complete,47.803165120731784,-36.9842966
E4-candidate_0451,candidate_0451,E4-candidate_0451-v0,complete,214.64119521318852,-168.5887554
E4-candidate_0451,candidate_0451,E4-candidate_0451-v1,complete,221.49144612424783,-169.36932202
E4-candidate_0451,candidate_0451,E4-candidate_0451-v2,complete,228.34169703530728,-169.61066918
E4-candidate_0451,candidate_0451,E4-candidate_0451-v3,complete,235.19194794636667,-169.40305811
E4-candidate_0451,candidate_0451,E4-candidate_0451-v4,complete,242.0421988574252,-168.82924334
E4-candidate_0460,candidate_0460,E4-candidate_0460-v0,complete,150.93400869284,-108.67579489
E4-candidate_0460,candidate_0460,E4-candidate_0460-v1,complete,155.7510515234626,-109.23925384
E4-candidate_0460,candidate_0460,E4-candidate_0460-v2,complete,160.56809435408508,-109.41425667
E4-candidate_0460,candidate_0460,E4-candidate_0460-v3,complete,165.38513718470756,-109.2650102
E4-candidate_0460,candidate_0460,E4-candidate_0460-v4,complete,170.2021800153303,-108.84654734
E4-candidate_0473,candidate_0473,E4-candidate_0473-v0,complete,132.61802137069165,-127.7505632
E4-candidate_0473,candidate_0473,E4-candidate_0473-v1,complete,136.850511414437,-128.17261838
E4-candidate_0473,candidate_0473,E4-candidate_0473-v2,complete,141.0830014581826,-128.30259882
E4-candidate_0473,candidate_0473,E4-candidate_0473-v3,complete,145.3154915019282,-128.18458764
E4-candidate_0473,candidate_0473,E4-candidate_0473-v4,complete,149.54798154567342,-127.85675663
E4-candidate_0477,candidate_0477,E4-candidate_0477-v0,complete,241.6917906079038,-183.42462352
E4-candidate_0477,candidate_0477,E4-candidate_0477-v1,complete,249.4053583932624,-184.36074084
E4-candidate_0477,candidate_0477,E4-candidate_0477-v2,complete,257.11892617862117,-184.65053698
E4-candidate_0477,candidate_0477,E4-candidate_0477-v3,complete,264.83249396397986,-184.4005162
E4-candidate_0477,candidate_0477,E4-candidate_0477-v4,complete,272.5460617493385,-183.69971268
E4-candidate_0479,candidate_0479,E4-candidate_0479-v0,complete,217.49724711190743,-182.90812066
E4-candidate_0479,candidate_0479,E4-candidate_0479-v1,complete,224.4386486154788,-183.7967057
E4-candidate_0479,candidate_0479,E4-candidate_0479-v2,complete,231.38005011905028,-184.0705777
E4-candidate_0479,candidate_0479,E4-candidate_0479-v3,complete,238.32145162262225,-183.82887382
E4-candidate_0479,candidate_0479,E4-candidate_0479-v4,complete,245.26285312619333,-183.15507648
E4-candidate_0482,candidate_0482,E4-candidate_0482-v0,complete,116.6603065388923,-104.60823381
E4-candidate_0482,candidate_0482,E4-candidate_0482-v1,complete,120.38350781140991,-104.98444137
E4-candidate_0482,candidate_0482,E4-candidate_0482-v2,complete,124.10670908392791,-105.10032347
E4-candidate_0482,candidate_0482,E4-candidate_0482-v3,complete,127.82991035644574,-105.00443444
E4-candidate_0482,candidate_0482,E4-candidate_0482-v4,complete,131.55311162896353,-104.7404462
E4-candidate_0484,candidate_0484,E4-candidate_0484-v0,complete,182.86233852794132,-148.19519103
E4-candidate_0484,candidate_0484,E4-candidate_0484-v1,complete,188.69837060862028,-148.87870878
E4-candidate_0484,candidate_0484,E4-candidate_0484-v2,complete,194.53440268929933,-149.09309644
E4-candidate_0484,candidate_0484,E4-candidate_0484-v3,complete,200.370434769978,-148.91337547
E4-candidate_0484,candidate_0484,E4-candidate_0484-v4,complete,206.20646685065736,-148.40333982
E4-candidate_0486,candidate_0486,E4-candidate_0486-v0,complete,157.80854229994628,-105.62348233
E4-candidate_0486,candidate_0486,E4-candidate_0486-v1,complete,162.84498513930612,-106.16261941
E4-candidate_0486,candidate_0486,E4-candidate_0486-v2,complete,167.88142797866624,-106.33063356
E4-candidate_0486,candidate_0486,E4-candidate_0486-v3,complete,172.91787081802622,-106.19112612
E4-candidate_0486,candidate_0486,E4-candidate_0486-v4,complete,177.9543136573862,-105.79930103
E4-candidate_0489,candidate_0489,E4-candidate_0489-v0,complete,217.32773980933413,-174.08477873
E4-candidate_0489,candidate_0489,E4-candidate_0489-v1,complete,224.2637315053764,-174.95178282
E4-candidate_0489,candidate_0489,E4-candidate_0489-v2,complete,231.19972320141912,-175.21774538
E4-candidate_0489,candidate_0489,E4-candidate_0489-v3,complete,238.13571489746124,-174.9847861
E4-candidate_0489,candidate_0489,E4-candidate_0489-v4,complete,245.0717065935045,-174.34671944
E4-candidate_0492,candidate_0492,E4-candidate_0492-v0,complete,140.39056395009706,-109.04153685
E4-candidate_0492,candidate_0492,E4-candidate_0492-v1,complete,144.87111386339788,-109.54382467
E4-candidate_0492,candidate_0492,E4-candidate_0492-v2,complete,149.35166377669884,-109.70043316
E4-candidate_0492,candidate_0492,E4-candidate_0492-v3,complete,153.83221368999955,-109.63648919
E4-candidate_0492,candidate_0492,E4-candidate_0492-v4,complete,158.31276360330125,-109.33340772
E4-candidate_0493,candidate_0493,E4-candidate_0493-v0,complete,162.64991701104637,-125.82084553
E4-candidate_0493,candidate_0493,E4-candidate_0493-v1,complete,167.8408718092712,-126.4681032
E4-candidate_0493,candidate_0493,E4-candidate_0493-v2,complete,173.03182660749616,-126.66821428
E4-candidate_0493,candidate_0493,E4-candidate_0493-v3,complete,178.2227814057209,-126.4951994
E4-candidate_0493,candidate_0493,E4-candidate_0493-v4,complete,183.41373620394577,-126.013295
E4-candidate_0494,candidate_0494,E4-candidate_0494-v0,complete,222.63854728959163,-192.343031
E4-candidate_0494,candidate_0494,E4-candidate_0494-v1,complete,229.74403284138722,-193.20717574
E4-candidate_0494,candidate_0494,E4-candidate_0494-v2,complete,236.84951839318248,-193.47133268
E4-candidate_0494,candidate_0494,E4-candidate_0494-v3,complete,243.95500394497805,-193.22930338
E4-candidate_0494,candidate_0494,E4-candidate_0494-v4,complete,251.06048949677347,-192.5621556
E4-candidate_0502,candidate_0502,E4-candidate_0502-v0,complete,160.74778614034003,-130.03120478
E4-candidate_0502,candidate_0502,E4-candidate_0502-v1,complete,165.87803463418078,-130.67835176
E4-candidate_0502,candidate_0502,E4-candidate_0502-v2,complete,171.0082831280214,-130.88073308
E4-candidate_0502,candidate_0502,E4-candidate_0502-v3,complete,176.138531621862,-130.71098204
E4-candidate_0502,candidate_0502,E4-candidate_0502-v4,complete,181.2687801157029,-130.22994449
E4-candidate_0508,candidate_0508,E4-candidate_0508-v0,complete,123.08460121894694,-101.88857131
E4-candidate_0508,candidate_0508,E4-candidate_0508-v1,complete,127.01283317274311,-102.38505323
E4-candidate_0508,candidate_0508,E4-candidate_0508-v2,complete,130.94106512653926,-102.54019487
E4-candidate_0508,candidate_0508,E4-candidate_0508-v3,complete,134.86929708033543,-102.40860182
E4-candidate_0508,candidate_0508,E4-candidate_0508-v4,complete,138.79752903413166,-102.03730214
E4-candidate_0515,candidate_0515,E4-candidate_0515-v0,complete,160.01406872167684,-113.67060169
E4-candidate_0515,candidate_0515,E4-candidate_0515-v1,complete,165.12090070215575,-114.22007352
E4-candidate_0515,candidate_0515,E4-candidate_0515-v2,complete,170.22773268263487,-114.39333801
E4-candidate_0515,candidate_0515,E4-candidate_0515-v3,complete,175.33456466311384,-114.25228214
E4-candidate_0515,candidate_0515,E4-candidate_0515-v4,complete,180.4413966435931,-113.84964031
E4-candidate_0516,candidate_0516,E4-candidate_0516-v0,complete,268.7902098074723,-192.4826994
E4-candidate_0516,candidate_0516,E4-candidate_0516-v1,complete,277.36862075877445,-193.43452886
E4-candidate_0516,candidate_0516,E4-candidate_0516-v2,complete,285.9470317100768,-193.72898242
E4-candidate_0516,candidate_0516,E4-candidate_0516-v3,complete,294.5254426613792,-193.48001877
E4-candidate_0516,candidate_0516,E4-candidate_0516-v4,complete,303.10385361268175,-192.78699155
E4-candidate_0517,candidate_0517,E4-candidate_0517-v0,complete,54.69545542183487,-41.28204673
E4-candidate_0517,candidate_0517,E4-candidate_0517-v1,complete,56.441055062957254,-41.49259226
E4-candidate_0517,candidate_0517,E4-candidate_0517-v2,complete,58.18665470407966,-41.55770492
E4-candidate_0517,candidate_0517,E4-candidate_0517-v3,complete,59.93225434520203,-41.50109408
E4-candidate_0517,candidate_0517,E4-candidate_0517-v4,complete,61.67785398632443,-41.34272713
E4-candidate_0522,candidate_0522,E4-candidate_0522-v0,complete,149.19300156491073,-114.81742187
E4-candidate_0522,candidate_0522,E4-candidate_0522-v1,complete,153.954480338259,-115.40365573
E4-candidate_0522,candidate_0522,E4-candidate_0522-v2,complete,158.71595911160725,-115.58195899
E4-candidate_0522,candidate_0522,E4-candidate_0522-v3,complete,163.4774378849555,-115.41960058
E4-candidate_0522,candidate_0522,E4-candidate_0522-v4,complete,168.23891665830357,-114.97424491
E4-candidate_0523,candidate_0523,E4-candidate_0523-v0,complete,140.13549561108374,-113.14916673
E4-candidate_0523,candidate_0523,E4-candidate_0523-v1,complete,144.60790504547975,-113.64156491
E4-candidate_0523,candidate_0523,E4-candidate_0523-v2,complete,149.08031447987628,-113.79418536
E4-candidate_0523,candidate_0523,E4-candidate_0523-v3,complete,153.55272391427246,-113.66101101
E4-candidate_0523,candidate_0523,E4-candidate_0523-v4,complete,158.02513334866856,-113.28775482
E4-candidate_0539,candidate_0539,E4-candidate_0539-v0,complete,216.7758543562477,-170.346356
E4-candidate_0539,candidate_0539,E4-candidate_0539-v1,complete,223.69423268676638,-171.21525143
E4-candidate_0539,candidate_0539,E4-candidate_0539-v2,complete,230.61261101728496,-171.48355982
E4-candidate_0539,candidate_0539,E4-candidate_0539-v3,complete,237.53098934780334,-171.25360686
E4-candidate_0539,candidate_0539,E4-candidate_0539-v4,complete,244.44936767832178,-170.61371586
E4-candidate_0542,candidate_0542,E4-candidate_0542-v0,complete,216.36582959873257,-169.03213173
E4-candidate_0542,candidate_0542,E4-candidate_0542-v2,complete,230.17641446673647,-170.17701004
E4-candidate_0542,candidate_0542,E4-candidate_0542-v3,complete,237.0817069007387,-169.94552126
E4-candidate_0542,candidate_0542,E4-candidate_0542-v4,complete,243.9869993347408,-169.29514978
E4-candidate_0543,candidate_0543,E4-candidate_0543-v0,complete,145.3559116169301,-123.60463112
E4-candidate_0543,candidate_0543,E4-candidate_0543-v1,complete,149.99493007278957,-124.11694869
E4-candidate_0543,candidate_0543,E4-candidate_0543-v2,complete,154.63394852864906,-124.27928289
E4-candidate_0543,candidate_0543,E4-candidate_0543-v3,complete,159.2729669845083,-124.14480416
E4-candidate_0543,candidate_0543,E4-candidate_0543-v4,complete,163.91198544036808,-123.75854048
E4-candidate_0549,candidate_0549,E4-candidate_0549-v0,complete,139.93188132348982,-110.28670377
E4-candidate_0549,candidate_0549,E4-candidate_0549-v1,complete,144.39779242955865,-110.80464903
E4-candidate_0549,candidate_0549,E4-candidate_0549-v2,complete,148.86370353562745,-110.96709945
E4-candidate_0549,candidate_0549,E4-candidate_0549-v3,complete,153.32961464169614,-110.82963271
E4-candidate_0549,candidate_0549,E4-candidate_0549-v4,complete,157.79552574776514,-110.43974229
E4-candidate_0550,candidate_0550,E4-candidate_0550-v0,complete,219.93618514110915,-155.23105167
E4-candidate_0550,candidate_0550,E4-candidate_0550-v1,complete,226.9554250924209,-155.93613524
E4-candidate_0550,candidate_0550,E4-candidate_0550-v2,complete,233.97466504373295,-156.1549423
E4-candidate_0550,candidate_0550,E4-candidate_0550-v3,complete,240.9939049950446,-155.96796064
E4-candidate_0550,candidate_0550,E4-candidate_0550-v4,complete,248.01314494635707,-155.44457014
E4-candidate_0554,candidate_0554,E4-candidate_0554-v0,complete,204.93062707050908,-160.23266298
E4-candidate_0554,candidate_0554,E4-candidate_0554-v1,complete,211.47096623233412,-160.9034503
E4-candidate_0554,candidate_0554,E4-candidate_0554-v2,complete,218.01130539415857,-161.12098574
E4-candidate_0554,candidate_0554,E4-candidate_0554-v3,complete,224.55164455598324,-160.95135299
E4-candidate_0554,candidate_0554,E4-candidate_0554-v4,complete,231.09198371780798,-160.45976395
E4-candidate_0560,candidate_0560,E4-candidate_0560-v0,complete,216.597004198902,-174.6838421
E4-candidate_0560,candidate_0560,E4-candidate_0560-v1,complete,223.50967454567538,-175.57523129
E4-candidate_0560,candidate_0560,E4-candidate_0560-v2,complete,230.422344892449,-175.85480084
E4-candidate_0560,candidate_0560,E4-candidate_0560-v3,complete,237.33501523922249,-175.62335525
E4-candidate_0560,candidate_0560,E4-candidate_0560-v4,complete,244.24768558599584,-174.96389141
E4-candidate_0563,candidate_0563,E4-candidate_0563-v0,complete,54.269478425223184,-39.76943224
E4-candidate_0563,candidate_0563,E4-candidate_0563-v1,complete,56.00148305581544,-39.98228872
E4-candidate_0563,candidate_0563,E4-candidate_0563-v2,complete,57.73348768640768,-40.04843614
E4-candidate_0563,candidate_0563,E4-candidate_0563-v3,complete,59.465492316999864,-39.99285828
E4-candidate_0563,candidate_0563,E4-candidate_0563-v4,complete,61.19749694759211,-39.83536693
E4-candidate_0565,candidate_0565,E4-candidate_0565-v0,complete,162.6872811856522,-123.57725631
E4-candidate_0565,candidate_0565,E4-candidate_0565-v1,complete,167.87942845753471,-124.22345995
E4-candidate_0565,candidate_0565,E4-candidate_0565-v2,complete,173.07157572941725,-124.42600029
E4-candidate_0565,candidate_0565,E4-candidate_0565-v3,complete,178.2637230012997,-124.25864862
E4-candidate_0565,candidate_0565,E4-candidate_0565-v4,complete,183.45587027318226,-123.78355679
E4-candidate_0568,candidate_0568,E4-candidate_0568-v0,complete,216.8877236320509,-165.64570589
E4-candidate_0568,candidate_0568,E4-candidate_0568-v1,complete,223.80967225860567,-166.51233509
E4-candidate_0568,candidate_0568,E4-candidate_0568-v2,complete,230.73162088516048,-166.78334478
E4-candidate_0568,candidate_0568,E4-candidate_0568-v3,complete,237.65356951171535,-166.55752963
E4-candidate_0568,candidate_0568,E4-candidate_0568-v4,complete,244.57551813827013,-165.91794698
E4-candidate_0574,candidate_0574,E4-candidate_0574-v0,complete,80.43545005586434,-64.99880228
E4-candidate_0574,candidate_0574,E4-candidate_0574-v1,complete,83.00253888743445,-65.31930151
E4-candidate_0574,candidate_0574,E4-candidate_0574-v2,complete,85.5696277190046,-65.41798507
E4-candidate_0574,candidate_0574,E4-candidate_0574-v3,complete,88.13671655057477,-65.33089203
E4-candidate_0574,candidate_0574,E4-candidate_0574-v4,complete,90.70380538214488,-65.08849369
E4-candidate_0583,candidate_0583,E4-candidate_0583-v0,complete,81.24863512254873,-62.18658206
E4-candidate_0583,candidate_0583,E4-candidate_0583-v1,complete,83.84167666901308,-62.51044005
E4-candidate_0583,candidate_0583,E4-candidate_0583-v2,complete,86.43471821547739,-62.61130565
E4-candidate_0583,candidate_0583,E4-candidate_0583-v3,complete,89.02775976194167,-62.52568243
E4-candidate_0583,candidate_0583,E4-candidate_0583-v4,complete,91.62080130840596,-62.28487651
E4-candidate_0591,candidate_0591,E4-candidate_0591-v0,complete,216.7363841898513,-170.34980501
E4-candidate_0591,candidate_0591,E4-candidate_0591-v1,complete,223.65350283420835,-171.21694608
E4-candidate_0591,candidate_0591,E4-candidate_0591-v2,complete,230.57062147856524,-171.48256734
E4-candidate_0591,candidate_0591,E4-candidate_0591-v3,complete,237.48774012292216,-171.24605513
E4-candidate_0591,candidate_0591,E4-candidate_0591-v4,complete,244.40485876727917,-170.5944812
E4-candidate_0594,candidate_0594,E4-candidate_0594-v0,complete,158.53051475015792,-115.30286919
E4-candidate_0594,candidate_0594,E4-candidate_0594-v1,complete,163.5899992634611,-115.85713675
E4-candidate_0594,candidate_0594,E4-candidate_0594-v2,complete,168.6494837767638,-116.02882998
E4-candidate_0594,candidate_0594,E4-candidate_0594-v3,complete,173.7089682900666,-115.88166004
E4-candidate_0594,candidate_0594,E4-candidate_0594-v4,complete,178.76845280336937,-115.47139385
E4-candidate_0595,candidate_0595,E4-candidate_0595-v0,complete,146.70405248009288,-124.34077241
E4-candidate_0595,candidate_0595,E4-candidate_0595-v1,complete,151.3860967081808,-124.82294003
E4-candidate_0595,candidate_0595,E4-candidate_0595-v2,complete,156.06814093626866,-124.96994038
E4-candidate_0595,candidate_0595,E4-candidate_0595-v3,complete,160.750185164357,-124.83496783
E4-candidate_0595,candidate_0595,E4-candidate_0595-v4,complete,165.43222939244487,-124.46294656
E4-candidate_0603,candidate_0603,E4-candidate_0603-v0,complete,162.7082243150913,-123.60863993
E4-candidate_0603,candidate_0603,E4-candidate_0603-v1,complete,167.90103998472202,-124.24925044
E4-candidate_0603,candidate_0603,E4-candidate_0603-v2,complete,173.09385565435238,-124.44584472
E4-candidate_0603,candidate_0603,E4-candidate_0603-v3,complete,178.28667132398294,-124.27173574
E4-candidate_0603,candidate_0603,E4-candidate_0603-v4,complete,183.47948699361342,-123.78894685
E4-candidate_0619,candidate_0619,E4-candidate_0619-v0,complete,247.06242643574694,-174.09095218
E4-candidate_0619,candidate_0619,E4-candidate_0619-v1,complete,254.94739749220676,-175.0033335
E4-candidate_0619,candidate_0619,E4-candidate_0619-v2,complete,262.83236854866675,-175.28556466
E4-candidate_0619,candidate_0619,E4-candidate_0619-v3,complete,270.71733960512665,-175.04348343
E4-candidate_0619,candidate_0619,E4-candidate_0619-v4,complete,278.6023106615869,-174.36667333
E4-candidate_0625,candidate_0625,E4-candidate_0625-v0,complete,81.48984997396423,-59.73986232
E4-candidate_0625,candidate_0625,E4-candidate_0625-v1,complete,84.09058986675024,-60.05566096
E4-candidate_0625,candidate_0625,E4-candidate_0625-v2,complete,86.69132975953642,-60.15326495
E4-candidate_0625,candidate_0625,E4-candidate_0625-v3,complete,89.29206965232245,-60.06900649
E4-candidate_0625,candidate_0625,E4-candidate_0625-v4,complete,91.89280954510848,-59.83373465
E4-candidate_0629,candidate_0629,E4-candidate_0629-v0,complete,69.05708039787493,-53.58187001
E4-candidate_0629,candidate_0629,E4-candidate_0629-v1,complete,71.26102977227514,-53.83975677
E4-candidate_0629,candidate_0629,E4-candidate_0629-v2,complete,73.4649791466754,-53.91825301
E4-candidate_0629,candidate_0629,E4-candidate_0629-v3,complete,75.66892852107564,-53.84696404
E4-candidate_0629,candidate_0629,E4-candidate_0629-v4,complete,77.87287789547585,-53.65133205
E4-candidate_0631,candidate_0631,E4-candidate_0631-v0,complete,55.117597961454464,-47.21916818
E4-candidate_0631,candidate_0631,E4-candidate_0631-v1,complete,56.87667023682004,-47.44146669
E4-candidate_0631,candidate_0631,E4-candidate_0631-v2,complete,58.63574251218559,-47.5122775
E4-candidate_0631,candidate_0631,E4-candidate_0631-v3,complete,60.39481478755113,-47.45536468
E4-candidate_0631,candidate_0631,E4-candidate_0631-v4,complete,62.153887062916674,-47.29109611
E4-candidate_0632,candidate_0632,E4-candidate_0632-v0,complete,144.50868328667767,-104.11432185
E4-candidate_0632,candidate_0632,E4-candidate_0632-v1,complete,149.12066254050788,-104.62117749
E4-candidate_0632,candidate_0632,E4-candidate_0632-v2,complete,153.732641794338,-104.77850564
E4-candidate_0632,candidate_0632,E4-candidate_0632-v3,complete,158.34462104816816,-104.64320655
E4-candidate_0632,candidate_0632,E4-candidate_0632-v4,complete,162.9566003019982,-104.26340259
E4-candidate_0633,candidate_0633,E4-candidate_0633-v0,complete,219.13191966008998,-184.25020388
E4-candidate_0633,candidate_0633,E4-candidate_0633-v1,complete,226.1254915641352,-185.14640235
E4-candidate_0633,candidate_0633,E4-candidate_0633-v2,complete,233.11906346818049,-185.43315467
E4-candidate_0633,candidate_0633,E4-candidate_0633-v3,complete,240.11263537222604,-185.21048549
E4-candidate_0633,candidate_0633,E4-candidate_0633-v4,complete,247.10620727627102,-184.56615957
E4-candidate_0635,candidate_0635,E4-candidate_0635-v0,complete,82.32974150486446,-56.66935647
E4-candidate_0635,candidate_0635,E4-candidate_0635-v1,complete,84.957286446509,-56.97062759
E4-candidate_0635,candidate_0635,E4-candidate_0635-v2,complete,87.58483138815366,-57.06351808
E4-candidate_0635,candidate_0635,E4-candidate_0635-v3,complete,90.21237632979822,-56.98305826
E4-candidate_0635,candidate_0635,E4-candidate_0635-v4,complete,92.83992127144285,-56.75906937
E4-candidate_0636,candidate_0636,E4-candidate_0636-v0,complete,222.33148837266629,-186.05114455
E4-candidate_0636,candidate_0636,E4-candidate_0636-v1,complete,229.427174171794,-186.91329257
E4-candidate_0636,candidate_0636,E4-candidate_0636-v2,complete,236.52285997092176,-187.18451558
E4-candidate_0636,candidate_0636,E4-candidate_0636-v3,complete,243.61854577004928,-186.95819179
E4-candidate_0636,candidate_0636,E4-candidate_0636-v4,complete,250.71423156917692,-186.31315639
E4-candidate_0639,candidate_0639,E4-candidate_0639-v0,complete,167.37753379648436,-142.66130598
E4-candidate_0639,candidate_0639,E4-candidate_0639-v1,complete,172.7193699814785,-143.31154306
E4-candidate_0639,candidate_0639,E4-candidate_0639-v2,complete,178.0612061664727,-143.51336391
E4-candidate_0639,candidate_0639,E4-candidate_0639-v3,complete,183.40304235146684,-143.33784944
E4-candidate_0639,candidate_0639,E4-candidate_0639-v4,complete,188.74487853646096,-142.84419258
E4-candidate_0641,candidate_0641,E4-candidate_0641-v0,complete,215.54023366685666,-173.08468979
E4-candidate_0641,candidate_0641,E4-candidate_0641-v1,complete,222.41917729452234,-173.94659973
E4-candidate_0641,candidate_0641,E4-candidate_0641-v2,complete,229.29812092218785,-174.21358965
E4-candidate_0641,candidate_0641,E4-candidate_0641-v3,complete,236.17706454985358,-173.98321668
E4-candidate_0641,candidate_0641,E4-candidate_0641-v4,complete,243.05600817751912,-173.33651693
E4-candidate_0648,candidate_0648,E4-candidate_0648-v0,complete,219.5222289208177,-181.5067942
E4-candidate_0648,candidate_0648,E4-candidate_0648-v1,complete,226.52825750339687,-182.38239013
E4-candidate_0648,candidate_0648,E4-candidate_0648-v2,complete,233.53428608597628,-182.65595777
E4-candidate_0648,candidate_0648,E4-candidate_0648-v3,complete,240.54031466855545,-182.42407327
E4-candidate_0648,candidate_0648,E4-candidate_0648-v4,complete,247.54634325113474,-181.76821462
E4-candidate_0655,candidate_0655,E4-candidate_0655-v0,complete,167.76872870280434,-138.32577569
E4-candidate_0655,candidate_0655,E4-candidate_0655-v1,complete,173.1230498316171,-138.95321654
E4-candidate_0655,candidate_0655,E4-candidate_0655-v2,complete,178.47737096042994,-139.14906382
E4-candidate_0655,candidate_0655,E4-candidate_0655-v3,complete,183.8316920892427,-138.98446062
E4-candidate_0655,candidate_0655,E4-candidate_0655-v4,complete,189.18601321805562,-138.5200872
E4-candidate_0656,candidate_0656,E4-candidate_0656-v0,complete,42.81845153431818,-36.02433465
E4-candidate_0656,candidate_0656,E4-candidate_0656-v1,complete,44.18499785988153,-36.18171911
E4-candidate_0656,candidate_0656,E4-candidate_0656-v2,complete,45.55154418544486,-36.23056142
E4-candidate_0656,candidate_0656,E4-candidate_0656-v3,complete,46.91809051100822,-36.18789239
E4-candidate_0656,candidate_0656,E4-candidate_0656-v4,complete,48.28463683657156,-36.06802709
E4-candidate_0679,candidate_0679,E4-candidate_0679-v0,complete,137.46489244828288,-116.48157406
E4-candidate_0679,candidate_0679,E4-candidate_0679-v1,complete,141.852069866845,-117.03309451
E4-candidate_0679,candidate_0679,E4-candidate_0679-v2,complete,146.23924728540734,-117.20648128
E4-candidate_0679,candidate_0679,E4-candidate_0679-v3,complete,150.6264247039694,-117.06237356
E4-candidate_0679,candidate_0679,E4-candidate_0679-v4,complete,155.01360212253167,-116.65215122
E4-candidate_0680,candidate_0680,E4-candidate_0680-v0,complete,162.9687337406775,-136.84907858
E4-candidate_0680,candidate_0680,E4-candidate_0680-v1,complete,168.16986354091193,-137.5207567
E4-candidate_0680,candidate_0680,E4-candidate_0680-v2,complete,173.37099334114626,-137.7302643
E4-candidate_0680,candidate_0680,E4-candidate_0680-v3,complete,178.57212314138053,-137.55210504
E4-candidate_0680,candidate_0680,E4-candidate_0680-v4,complete,183.77325294161489,-137.04933019
E4-candidate_0682,candidate_0682,E4-candidate_0682-v0,complete,216.73792646299185,-174.77387215
E4-candidate_0682,candidate_0682,E4-candidate_0682-v1,complete,223.65509432883195,-175.6533366
E4-candidate_0682,candidate_0682,E4-candidate_0682-v2,complete,230.57226219467213,-175.92315688
E4-candidate_0682,candidate_0682,E4-candidate_0682-v3,complete,237.48943006051178,-175.68577423
E4-candidate_0682,candidate_0682,E4-candidate_0682-v4,complete,244.4065979263525,-175.03354958
E4-candidate_0687,candidate_0687,E4-candidate_0687-v0,complete,217.0996176270149,-165.74289743
E4-candidate_0687,candidate_0687,E4-candidate_0687-v1,complete,224.0283288278771,-166.5974814
E4-candidate_0687,candidate_0687,E4-candidate_0687-v2,complete,230.95704002873927,-166.85954638
E4-candidate_0687,candidate_0687,E4-candidate_0687-v3,complete,237.88575122960137,-166.62858953
E4-candidate_0687,candidate_0687,E4-candidate_0687-v4,complete,244.81446243046366,-165.98862375
E4-candidate_0691,candidate_0691,E4-candidate_0691-v0,complete,100.01711463977122,-80.80660258
E4-candidate_0691,candidate_0691,E4-candidate_0691-v1,complete,103.20915021338091,-81.15722652
E4-candidate_0691,candidate_0691,E4-candidate_0691-v2,complete,106.40118578699061,-81.26505407
E4-candidate_0691,candidate_0691,E4-candidate_0691-v3,complete,109.59322136060041,-81.16783809
E4-candidate_0691,candidate_0691,E4-candidate_0691-v4,complete,112.78525693420998,-80.8985549
E4-candidate_0704,candidate_0704,E4-candidate_0704-v0,complete,151.3232527807704,-112.28431819
E4-candidate_0704,candidate_0704,E4-candidate_0704-v1,complete,156.1527182950504,-112.85141282
E4-candidate_0704,candidate_0704,E4-candidate_0704-v2,complete,160.98218380933028,-113.02650605
E4-candidate_0704,candidate_0704,E4-candidate_0704-v3,complete,165.81164932361003,-112.87390771
E4-candidate_0704,candidate_0704,E4-candidate_0704-v4,complete,170.64111483788986,-112.44921462
E4-candidate_0706,candidate_0706,E4-candidate_0706-v0,complete,283.71103062506694,-236.71727053
E4-candidate_0706,candidate_0706,E4-candidate_0706-v1,complete,292.76563798544106,-237.74974786
E4-candidate_0706,candidate_0706,E4-candidate_0706-v2,complete,301.8202453458156,-238.07238824
E4-candidate_0706,candidate_0706,E4-candidate_0706-v3,complete,310.8748527061903,-237.79812637
E4-candidate_0706,candidate_0706,E4-candidate_0706-v4,complete,319.92946006656416,-237.0275074
E4-candidate_0709,candidate_0709,E4-candidate_0709-v0,complete,141.00419311376845,-121.44188786
E4-candidate_0709,candidate_0709,E4-candidate_0709-v1,complete,145.5043269365482,-121.98360364
E4-candidate_0709,candidate_0709,E4-candidate_0709-v2,complete,150.004460759328,-122.15625535
E4-candidate_0709,candidate_0709,E4-candidate_0709-v3,complete,154.50459458210787,-122.01525549
E4-candidate_0709,candidate_0709,E4-candidate_0709-v4,complete,159.0047284048878,-121.61373211
E4-candidate_0713,candidate_0713,E4-candidate_0713-v0,complete,121.92171192612649,-97.06097621
E4-candidate_0713,candidate_0713,E4-candidate_0713-v1,complete,125.81283039185386,-97.55716276
E4-candidate_0713,candidate_0713,E4-candidate_0713-v2,complete,129.70394885758142,-97.71320471
E4-candidate_0713,candidate_0713,E4-candidate_0713-v3,complete,133.59506732330877,-97.58536743
E4-candidate_0713,candidate_0713,E4-candidate_0713-v4,complete,137.4861857890364,-97.22028064
E4-candidate_0714,candidate_0714,E4-candidate_0714-v0,complete,216.8142606754713,-168.4762636
E4-candidate_0714,candidate_0714,E4-candidate_0714-v1,complete,223.7338647395823,-169.3423911
E4-candidate_0714,candidate_0714,E4-candidate_0714-v2,complete,230.65346880369302,-169.61171101
E4-candidate_0714,candidate_0714,E4-candidate_0714-v3,complete,237.57307286780386,-169.38361744
E4-candidate_0714,candidate_0714,E4-candidate_0714-v4,complete,244.49267693191484,-168.74357887
E4-candidate_0715,candidate_0715,E4-candidate_0715-v0,complete,261.33948279103714,-160.8212384
E4-candidate_0715,candidate_0715,E4-candidate_0715-v1,complete,269.6801045822401,-161.68317837
E4-candidate_0715,candidate_0715,E4-candidate_0715-v2,complete,278.02072637344355,-161.94971516
E4-candidate_0715,candidate_0715,E4-candidate_0715-v3,complete,286.3613481646469,-161.72156699
E4-candidate_0715,candidate_0715,E4-candidate_0715-v4,complete,294.7019699558499,-161.08407655
E4-candidate_0716,candidate_0716,E4-candidate_0716-v0,complete,84.38142734626747,-74.90376085
E4-candidate_0716,candidate_0716,E4-candidate_0716-v1,complete,87.07445162327615,-75.18576189
E4-candidate_0716,candidate_0716,E4-candidate_0716-v2,complete,89.76747590028472,-75.27387094
E4-candidate_0716,candidate_0716,E4-candidate_0716-v3,complete,92.46050017729316,-75.19745067
E4-candidate_0716,candidate_0716,E4-candidate_0716-v4,complete,95.15352445430186,-74.98304666
E4-candidate_0719,candidate_0719,E4-candidate_0719-v0,complete,256.440521157956,-209.36740069
E4-candidate_0719,candidate_0719,E4-candidate_0719-v1,complete,264.62479310980586,-210.3101893
E4-candidate_0719,candidate_0719,E4-candidate_0719-v2,complete,272.80906506165536,-210.6056009
E4-candidate_0719,candidate_0719,E4-candidate_0719-v3,complete,280.9933370135049,-210.35919839
E4-candidate_0719,candidate_0719,E4-candidate_0719-v4,complete,289.17760896535464,-209.66825718
E4-candidate_0721,candidate_0721,E4-candidate_0721-v0,complete,135.62884009679843,-103.76496917
E4-candidate_0721,candidate_0721,E4-candidate_0721-v1,complete,139.95742009988757,-104.30297322
E4-candidate_0721,candidate_0721,E4-candidate_0721-v2,complete,144.28600010297697,-104.4709861
E4-candidate_0721,candidate_0721,E4-candidate_0721-v3,complete,148.61458010606634,-104.33037236
E4-candidate_0721,candidate_0721,E4-candidate_0721-v4,complete,152.94316010915546,-103.93278891
E4-candidate_0730,candidate_0730,E4-candidate_0730-v0,complete,142.67801473274912,-117.38169947
E4-candidate_0730,candidate_0730,E4-candidate_0730-v1,complete,147.23156839443268,-117.89059266
E4-candidate_0730,candidate_0730,E4-candidate_0730-v2,complete,151.7851220561161,-118.05067799
E4-candidate_0730,candidate_0730,E4-candidate_0730-v3,complete,156.33867571779962,-117.91685072
E4-candidate_0730,candidate_0730,E4-candidate_0730-v4,complete,160.89222937948338,-117.53825075
E4-candidate_0731,candidate_0731,E4-candidate_0731-v0,complete,216.80063696995083,-167.78707572
E4-candidate_0731,candidate_0731,E4-candidate_0731-v1,complete,223.719806234949,-168.65688262
E4-candidate_0731,candidate_0731,E4-candidate_0731-v2,complete,230.6389754999476,-168.93039502
E4-candidate_0731,candidate_0731,E4-candidate_0731-v3,complete,237.55814476494604,-168.70609144
E4-candidate_0731,candidate_0731,E4-candidate_0731-v4,complete,244.47731402994435,-168.06776887
E4-candidate_0735,candidate_0735,E4-candidate_0735-v0,complete,108.55589757909001,-86.16209688
E4-candidate_0735,candidate_0735,E4-candidate_0735-v1,complete,112.0204475018269,-86.60042085
E4-candidate_0735,candidate_0735,E4-candidate_0735-v2,complete,115.48499742456387,-86.73785661
E4-candidate_0735,candidate_0735,E4-candidate_0735-v3,complete,118.9495473473007,-86.62388406
E4-candidate_0735,candidate_0735,E4-candidate_0735-v4,complete,122.41409727003763,-86.30042272
E4-candidate_0736,candidate_0736,E4-candidate_0736-v0,complete,162.18159788674606,-126.82649748
E4-candidate_0736,candidate_0736,E4-candidate_0736-v1,complete,167.35760632994007,-127.48423968
E4-candidate_0736,candidate_0736,E4-candidate_0736-v2,complete,172.5336147731341,-127.68914581
E4-candidate_0736,candidate_0736,E4-candidate_0736-v3,complete,177.70962321632808,-127.5157641
E4-candidate_0736,candidate_0736,E4-candidate_0736-v4,complete,182.88563165952237,-127.02673273
E4-candidate_0737,candidate_0737,E4-candidate_0737-v0,complete,165.98201969998604,-136.24301314
E4-candidate_0737,candidate_0737,E4-candidate_0737-v1,complete,171.2793182010495,-136.88696087
E4-candidate_0737,candidate_0737,E4-candidate_0737-v2,complete,176.57661670211263,-137.09159112
E4-candidate_0737,candidate_0737,E4-candidate_0737-v3,complete,181.87391520317607,-136.93009452
E4-candidate_0737,candidate_0737,E4-candidate_0737-v4,complete,187.1712137042394,-136.46779407
E4-candidate_0744,candidate_0744,E4-candidate_0744-v0,complete,215.30517221669498,-167.23012471
E4-candidate_0744,candidate_0744,E4-candidate_0744-v1,complete,222.1766138831852,-168.01774937
E4-candidate_0744,candidate_0744,E4-candidate_0744-v2,complete,229.04805554967552,-168.26476286
E4-candidate_0744,candidate_0744,E4-candidate_0744-v3,complete,235.91949721616578,-168.05922989
E4-candidate_0744,candidate_0744,E4-candidate_0744-v4,complete,242.79093888265564,-167.47935802
E4-candidate_0750,candidate_0750,E4-candidate_0750-v0,complete,137.15938220973848,-117.03253074
E4-candidate_0750,candidate_0750,E4-candidate_0750-v1,complete,141.53680930153865,-117.58992089
E4-candidate_0750,candidate_0750,E4-candidate_0750-v2,complete,145.91423639333877,-117.76539213
E4-candidate_0750,candidate_0750,E4-candidate_0750-v3,complete,150.29166348513888,-117.61997052
E4-candidate_0750,candidate_0750,E4-candidate_0750-v4,complete,154.66909057693923,-117.20524393
E4-candidate_0751,candidate_0751,E4-candidate_0751-v0,complete,218.67114285482404,-175.32428292
E4-candidate_0751,candidate_0751,E4-candidate_0751-v1,complete,225.65000911614794,-176.1064007
E4-candidate_0751,candidate_0751,E4-candidate_0751-v2,complete,232.62887537747216,-176.35215
E4-candidate_0751,candidate_0751,E4-candidate_0751-v3,complete,239.60774163879643,-176.15344328
E4-candidate_0751,candidate_0751,E4-candidate_0751-v4,complete,246.58660790012033,-176.02123016
E4-candidate_0752,candidate_0752,E4-candidate_0752-v0,complete,250.04121247350534,-224.3596536
E4-candidate_0752,candidate_0752,E4-candidate_0752-v1,complete,258.02125116946826,-225.2837188
E4-candidate_0752,candidate_0752,E4-candidate_0752-v2,complete,266.0012898654314,-225.57732927
E4-candidate_0752,candidate_0752,E4-candidate_0752-v3,complete,273.9813285613943,-225.33668124
E4-candidate_0752,candidate_0752,E4-candidate_0752-v4,complete,281.96136725735727,-224.64647075
E4-candidate_0774,candidate_0774,E4-candidate_0774-v0,complete,109.59339875149236,-78.42507998
E4-candidate_0774,candidate_0774,E4-candidate_0774-v1,complete,113.09106041377414,-78.83238131
E4-candidate_0774,candidate_0774,E4-candidate_0774-v2,complete,116.58872207605579,-78.95551965
E4-candidate_0774,candidate_0774,E4-candidate_0774-v3,complete,120.08638373833745,-78.84195246
E4-candidate_0774,candidate_0774,E4-candidate_0774-v4,complete,123.58404540061917,-78.5319651
E4-candidate_0775,candidate_0775,E4-candidate_0775-v0,complete,162.82726582924678,-121.46567958
E4-candidate_0775,candidate_0775,E4-candidate_0775-v1,complete,168.02388069613758,-122.10106259
E4-candidate_0775,candidate_0775,E4-candidate_0775-v2,complete,173.22049556302838,-122.29781861
E4-candidate_0775,candidate_0775,E4-candidate_0775-v3,complete,178.4171104299192,-122.12865628
E4-candidate_0775,candidate_0775,E4-candidate_0775-v4,complete,183.61372529680986,-121.6555669
E4-candidate_0782,candidate_0782,E4-candidate_0782-v0,complete,81.42958235143033,-59.775945
E4-candidate_0782,candidate_0782,E4-candidate_0782-v1,complete,84.02839880945477,-60.09316603
E4-candidate_0782,candidate_0782,E4-candidate_0782-v2,complete,86.62721526747902,-60.19115591
E4-candidate_0782,candidate_0782,E4-candidate_0782-v3,complete,89.22603172550342,-60.10651599
E4-candidate_0782,candidate_0782,E4-candidate_0782-v4,complete,91.82484818352785,-59.86984869
E4-candidate_0785,candidate_0785,E4-candidate_0785-v0,complete,96.63189188031244,-81.09093191
E4-candidate_0785,candidate_0785,E4-candidate_0785-v1,complete,99.71588842968421,-81.47343414
E4-candidate_0785,candidate_0785,E4-candidate_0785-v2,complete,102.79988497905579,-81.5926527
E4-candidate_0785,candidate_0785,E4-candidate_0785-v3,complete,105.88388152842741,-81.49100207
E4-candidate_0785,candidate_0785,E4-candidate_0785-v4,complete,108.96787807779909,-81.20365416
E4-candidate_0788,candidate_0788,E4-candidate_0788-v0,complete,178.9801160743418,-124.65949229
E4-candidate_0788,candidate_0788,E4-candidate_0788-v1,complete,184.69224743841664,-125.30974892
E4-candidate_0788,candidate_0788,E4-candidate_0788-v2,complete,190.40437880249138,-125.50782488
E4-candidate_0788,candidate_0788,E4-candidate_0788-v3,complete,196.11651016656614,-125.33203504
E4-candidate_0788,candidate_0788,E4-candidate_0788-v4,complete,201.82864153064088,-124.84962671
E4-candidate_0796,candidate_0796,E4-candidate_0796-v0,complete,68.11350020950317,-46.25837959
E4-candidate_0796,candidate_0796,E4-candidate_0796-v1,complete,70.28733532257236,-46.51089633
E4-candidate_0796,candidate_0796,E4-candidate_0796-v2,complete,72.46117043564169,-46.58842979
E4-candidate_0796,candidate_0796,E4-candidate_0796-v3,complete,74.63500554871088,-46.52028565
E4-candidate_0796,candidate_0796,E4-candidate_0796-v4,complete,76.80884066178017,-46.33152754
E4-candidate_0801,candidate_0801,E4-candidate_0801-v0,complete,122.01900960571719,-94.95190944
E4-candidate_0801,candidate_0801,E4-candidate_0801-v1,complete,125.91323331653801,-95.43768409
E4-candidate_0801,candidate_0801,E4-candidate_0801-v2,complete,129.80745702735877,-95.58834971
E4-candidate_0801,candidate_0801,E4-candidate_0801-v3,complete,133.7016807381795,-95.45924074
E4-candidate_0801,candidate_0801,E4-candidate_0801-v4,complete,137.59590444900022,-95.09679497
E4-candidate_0802,candidate_0802,E4-candidate_0802-v0,complete,216.93074773275393,-163.30917
E4-candidate_0802,candidate_0802,E4-candidate_0802-v1,complete,223.85406946890564,-164.16784471
E4-candidate_0802,candidate_0802,E4-candidate_0802-v2,complete,230.77739120505743,-164.43427051
E4-candidate_0802,candidate_0802,E4-candidate_0802-v4,complete,244.6240346773606,-163.56583528
E4-candidate_0803,candidate_0803,E4-candidate_0803-v0,complete,79.23401961747336,-70.39265212
E4-candidate_0803,candidate_0803,E4-candidate_0803-v1,complete,81.76276492441386,-70.69830253
E4-candidate_0803,candidate_0803,E4-candidate_0803-v2,complete,84.29151023135461,-70.79413301
E4-candidate_0803,candidate_0803,E4-candidate_0803-v3,complete,86.82025553829521,-70.7130356
E4-candidate_0803,candidate_0803,E4-candidate_0803-v4,complete,89.34900084523589,-70.48314957
E4-candidate_0806,candidate_0806,E4-candidate_0806-v0,complete,149.17976073431714,-112.62355207
E4-candidate_0806,candidate_0806,E4-candidate_0806-v1,complete,153.94081692796547,-113.21181449
E4-candidate_0806,candidate_0806,E4-candidate_0806-v2,complete,158.70187312161397,-113.39516443
E4-candidate_0806,candidate_0806,E4-candidate_0806-v3,complete,163.4629293152623,-113.24105001
E4-candidate_0806,candidate_0806,E4-candidate_0806-v4,complete,168.22398550891074,-112.80617891
E4-candidate_0809,candidate_0809,E4-candidate_0809-v0,complete,215.47776050617617,-173.09859635
E4-candidate_0809,candidate_0809,E4-candidate_0809-v1,complete,222.3547103095647,-173.96312575
E4-candidate_0809,candidate_0809,E4-candidate_0809-v2,complete,229.23166011295342,-174.2327873
E4-candidate_0809,candidate_0809,E4-candidate_0809-v3,complete,236.1086099163419,-174.0048675
E4-candidate_0809,candidate_0809,E4-candidate_0809-v4,complete,242.98555971973093,-173.36042956
E4-candidate_0814,candidate_0814,E4-candidate_0814-v0,complete,216.8224144270007,-161.73689947
E4-candidate_0814,candidate_0814,E4-candidate_0814-v1,complete,223.74227871722397,-162.59601856
E4-candidate_0814,candidate_0814,E4-candidate_0814-v2,complete,230.66214300744747,-162.86480916
E4-candidate_0814,candidate_0814,E4-candidate_0814-v3,complete,237.58200729767086,-162.64152773
E4-candidate_0814,candidate_0814,E4-candidate_0814-v4,complete,244.5018715878944,-162.00830318
E4-candidate_0817,candidate_0817,E4-candidate_0817-v0,complete,163.00379419259534,-130.2262046
E4-candidate_0817,candidate_0817,E4-candidate_0817-v1,complete,168.20604294342297,-130.884507
E4-candidate_0817,candidate_0817,E4-candidate_0817-v2,complete,173.40829169425047,-131.09025361
E4-candidate_0817,candidate_0817,E4-candidate_0817-v3,complete,178.61054044507782,-130.9174423
E4-candidate_0817,candidate_0817,E4-candidate_0817-v4,complete,183.81278919590542,-130.42793076
E4-candidate_0819,candidate_0819,E4-candidate_0819-v0,complete,55.495882153001816,-42.55320447
E4-candidate_0819,candidate_0819,E4-candidate_0819-v1,complete,57.2670273280976,-42.75814909
E4-candidate_0819,candidate_0819,E4-candidate_0819-v2,complete,59.038172503193444,-42.82140018
E4-candidate_0819,candidate_0819,E4-candidate_0819-v3,complete,60.80931767828922,-42.76601747
E4-candidate_0819,candidate_0819,E4-candidate_0819-v4,complete,62.580462853385036,-42.61139737
E4-candidate_0821,candidate_0821,E4-candidate_0821-v0,complete,218.12355763542388,-181.29687221
E4-candidate_0821,candidate_0821,E4-candidate_0821-v1,complete,225.08494777272466,-182.19345627
E4-candidate_0821,candidate_0821,E4-candidate_0821-v2,complete,232.0463379100256,-182.48249207
E4-candidate_0821,candidate_0821,E4-candidate_0821-v3,complete,239.00772804732614,-182.26073239
E4-candidate_0821,candidate_0821,E4-candidate_0821-v4,complete,245.9691181846268,-181.61832497
E4-candidate_0824,candidate_0824,E4-candidate_0824-v0,complete,216.78375400400563,-168.06113186
E4-candidate_0824,candidate_0824,E4-candidate_0824-v1,complete,223.70238445094185,-168.92976618
E4-candidate_0824,candidate_0824,E4-candidate_0824-v2,complete,230.62101489787815,-169.20243781
E4-candidate_0824,candidate_0824,E4-candidate_0824-v3,complete,237.53964534481426,-168.97447077
E4-candidate_0824,candidate_0824,E4-candidate_0824-v4,complete,244.4582757917508,-168.34050292
E4-candidate_0825,candidate_0825,E4-candidate_0825-v0,complete,55.922252683322526,-44.06434188
E4-candidate_0825,candidate_0825,E4-candidate_0825-v1,complete,57.70700542853491,-44.26994982
E4-candidate_0825,candidate_0825,E4-candidate_0825-v2,complete,59.49175817374732,-44.33404824
E4-candidate_0825,candidate_0825,E4-candidate_0825-v3,complete,61.27651091895972,-44.27931459
E4-candidate_0825,candidate_0825,E4-candidate_0825-v4,complete,63.06126366417219,-44.12490516
E4-candidate_0832,candidate_0832,E4-candidate_0832-v0,complete,80.4034328558578,-65.00410853
E4-candidate_0832,candidate_0832,E4-candidate_0832-v1,complete,82.9694998618958,-65.32658015
E4-candidate_0832,candidate_0832,E4-candidate_0832-v2,complete,85.53556686793382,-65.42696431
E4-candidate_0832,candidate_0832,E4-candidate_0832-v3,complete,88.1016338739718,-65.3413106
E4-candidate_0832,candidate_0832,E4-candidate_0832-v4,complete,90.66770088000989,-65.10027844
E4-candidate_0834,candidate_0834,E4-candidate_0834-v0,complete,167.83170442755522,-134.49629097
E4-candidate_0834,candidate_0834,E4-candidate_0834-v1,complete,173.188035419924,-135.13487884
E4-candidate_0834,candidate_0834,E4-candidate_0834-v2,complete,178.54436641229273,-135.33194356
E4-candidate_0834,candidate_0834,E4-candidate_0834-v3,complete,183.90069740466114,-135.15933865
E4-candidate_0834,candidate_0834,E4-candidate_0834-v4,complete,189.2570283970303,-134.677989
E4-candidate_0838,candidate_0838,E4-candidate_0838-v0,complete,164.02269072049168,-122.52689537
E4-candidate_0838,candidate_0838,E4-candidate_0838-v1,complete,169.25745744561354,-123.14891008
E4-candidate_0838,candidate_0838,E4-candidate_0838-v2,complete,174.49222417073562,-123.34222636
E4-candidate_0838,candidate_0838,E4-candidate_0838-v3,complete,179.72699089585777,-123.17967409
E4-candidate_0838,candidate_0838,E4-candidate_0838-v4,complete,184.96175762097977,-122.72451153
E4-candidate_0841,candidate_0841,E4-candidate_0841-v0,complete,215.80453028062897,-159.61143847
E4-candidate_0841,candidate_0841,E4-candidate_0841-v1,complete,222.69190890660644,-160.44028921
E4-candidate_0841,candidate_0841,E4-candidate_0841-v2,complete,229.57928753258398,-160.69702829
E4-candidate_0841,candidate_0841,E4-candidate_0841-v3,complete,236.46666615856157,-160.47881056
E4-candidate_0841,candidate_0841,E4-candidate_0841-v4,complete,243.3540447845391,-159.86144019
E4-candidate_0844,candidate_0844,E4-candidate_0844-v0,complete,137.87586927003267,-113.5912536
E4-candidate_0844,candidate_0844,E4-candidate_0844-v1,complete,142.2761629701402,-114.12811027
E4-candidate_0844,candidate_0844,E4-candidate_0844-v2,complete,146.6764566702476,-114.29353695
E4-candidate_0844,candidate_0844,E4-candidate_0844-v3,complete,151.0767503703552,-114.14902397
E4-candidate_0844,candidate_0844,E4-candidate_0844-v4,complete,155.47704407046265,-113.7615314
E4-candidate_0845,candidate_0845,E4-candidate_0845-v0,complete,162.0596315781303,-129.19658982
E4-candidate_0845,candidate_0845,E4-candidate_0845-v1,complete,167.2317474795599,-129.86137715
E4-candidate_0845,candidate_0845,E4-candidate_0845-v2,complete,172.40386338098966,-130.06928257
E4-candidate_0845,candidate_0845,E4-candidate_0845-v3,complete,177.57597928241944,-129.89465618
E4-candidate_0845,candidate_0845,E4-candidate_0845-v4,complete,182.748095183849,-129.40098801
E4-candidate_0848,candidate_0848,E4-candidate_0848-v0,complete,149.10838625361683,-116.08102924
E4-candidate_0848,candidate_0848,E4-candidate_0848-v1,complete,153.8671645383066,-116.64404114
E4-candidate_0848,candidate_0848,E4-candidate_0848-v2,complete,158.62594282299662,-116.81798433
E4-candidate_0848,candidate_0848,E4-candidate_0848-v3,complete,163.3847211076863,-116.66658821
E4-candidate_0848,candidate_0848,E4-candidate_0848-v4,complete,168.14349939237633,-116.24477879
E4-candidate_0851,candidate_0851,E4-candidate_0851-v0,complete,217.73761240986627,-171.17166286
E4-candidate_0851,candidate_0851,E4-candidate_0851-v1,complete,224.6866851463514,-172.02741082
E4-candidate_0851,candidate_0851,E4-candidate_0851-v2,complete,231.6357578828365,-172.28610606
E4-candidate_0851,candidate_0851,E4-candidate_0851-v3,complete,238.58483061932165,-172.04521475
E4-candidate_0851,candidate_0851,E4-candidate_0851-v4,complete,245.5339033558068,-171.38653179
E4-candidate_0852,candidate_0852,E4-candidate_0852-v0,complete,214.34815011188374,-142.76310554
E4-candidate_0852,candidate_0852,E4-candidate_0852-v1,complete,221.18904851970993,-143.49196117
E4-candidate_0852,candidate_0852,E4-candidate_0852-v2,complete,228.02994692753566,-143.71316632
E4-candidate_0852,candidate_0852,E4-candidate_0852-v3,complete,234.87084533536193,-143.51388784
E4-candidate_0852,candidate_0852,E4-candidate_0852-v4,complete,241.71174374318778,-142.96765574
E4-candidate_0853,candidate_0853,E4-candidate_0853-v0,complete,219.214918353781,-184.06241778
E4-candidate_0853,candidate_0853,E4-candidate_0853-v1,complete,226.2111391523059,-184.95469933
E4-candidate_0853,candidate_0853,E4-candidate_0853-v2,complete,233.20735995083072,-185.23888921
E4-candidate_0853,candidate_0853,E4-candidate_0853-v3,complete,240.20358074935567,-185.01480958
E4-candidate_0853,candidate_0853,E4-candidate_0853-v4,complete,247.19980154788055,-184.37045429
E4-candidate_0858,candidate_0858,E4-candidate_0858-v0,complete,215.37575890880095,-167.82883081
E4-candidate_0858,candidate_0858,E4-candidate_0858-v1,complete,222.2494533420605,-168.5987223
E4-candidate_0858,candidate_0858,E4-candidate_0858-v2,complete,229.12314777531992,-168.83817579
E4-candidate_0858,candidate_0858,E4-candidate_0858-v3,complete,235.99684220857935,-168.64071583
E4-candidate_0858,candidate_0858,E4-candidate_0858-v4,complete,242.8705366418388,-168.13748741
E4-candidate_0859,candidate_0859,E4-candidate_0859-v0,complete,203.33952498810967,-157.7310299
E4-candidate_0859,candidate_0859,E4-candidate_0859-v1,complete,209.8290842962411,-158.42964968
E4-candidate_0859,candidate_0859,E4-candidate_0859-v2,complete,216.31864360437234,-158.64836853
E4-candidate_0859,candidate_0859,E4-candidate_0859-v3,complete,222.8082029125035,-158.46429994
E4-candidate_0859,candidate_0859,E4-candidate_0859-v4,complete,229.2977622206344,-157.94423447
E4-candidate_0860,candidate_0860,E4-candidate_0860-v0,complete,28.511335169577666,-22.25938154
E4-candidate_0860,candidate_0860,E4-candidate_0860-v1,complete,29.42127139839397,-22.35977553
E4-candidate_0860,candidate_0860,E4-candidate_0860-v2,complete,30.331207627210286,-22.39160131
E4-candidate_0860,candidate_0860,E4-candidate_0860-v3,complete,31.241143856026582,-22.36557839
E4-candidate_0860,candidate_0860,E4-candidate_0860-v4,complete,32.1510800848429,-22.29076757
E4-candidate_0862,candidate_0862,E4-candidate_0862-v0,complete,263.23432355409767,-170.51038826
E4-candidate_0862,candidate_0862,E4-candidate_0862-v1,complete,271.63541898667523,-171.35988196
E4-candidate_0862,candidate_0862,E4-candidate_0862-v2,complete,280.0365144192526,-171.62170291
E4-candidate_0862,candidate_0862,E4-candidate_0862-v3,complete,288.43760985183025,-171.39888276
E4-candidate_0862,candidate_0862,E4-candidate_0862-v4,complete,296.8387052844076,-170.78160646
E4-candidate_0864,candidate_0864,E4-candidate_0864-v0,complete,219.48417377018777,-178.66039504
E4-candidate_0864,candidate_0864,E4-candidate_0864-v1,complete,226.4889878266836,-179.44000027
E4-candidate_0864,candidate_0864,E4-candidate_0864-v2,complete,233.4938018831785,-179.68767559
E4-candidate_0864,candidate_0864,E4-candidate_0864-v3,complete,240.4986159396742,-179.48839958
E4-candidate_0864,candidate_0864,E4-candidate_0864-v4,complete,247.5034299961695,-178.91466754
E4-candidate_0872,candidate_0872,E4-candidate_0872-v0,complete,94.83802437603521,-75.01194203
E4-candidate_0872,candidate_0872,E4-candidate_0872-v1,complete,97.86476983484472,-75.39672106
E4-candidate_0872,candidate_0872,E4-candidate_0872-v2,complete,100.89151529365445,-75.51839423
E4-candidate_0872,candidate_0872,E4-candidate_0872-v3,complete,103.91826075246405,-75.42061627
E4-candidate_0872,candidate_0872,E4-candidate_0872-v4,complete,106.94500621127361,-75.14030757
E4-candidate_0879,candidate_0879,E4-candidate_0879-v0,complete,247.68953490681307,-170.9713958
E4-candidate_0879,candidate_0879,E4-candidate_0879-v1,complete,255.5945200634137,-171.8584117
E4-candidate_0879,candidate_0879,E4-candidate_0879-v2,complete,263.4995052200141,-172.13136576
E4-candidate_0879,candidate_0879,E4-candidate_0879-v3,complete,271.40449037661443,-171.89502517
E4-candidate_0879,candidate_0879,E4-candidate_0879-v4,complete,279.30947553321494,-171.23885673
E4-candidate_0883,candidate_0883,E4-candidate_0883-v0,complete,214.70485832865506,-139.22210122
E4-candidate_0883,candidate_0883,E4-candidate_0883-v1,complete,221.55714104127168,-139.9078326
E4-candidate_0883,candidate_0883,E4-candidate_0883-v2,complete,228.40942375388838,-140.1153324
E4-candidate_0883,candidate_0883,E4-candidate_0883-v3,complete,235.26170646650482,-139.92691646
E4-candidate_0883,candidate_0883,E4-candidate_0883-v4,complete,242.11398917912183,-139.41441381
E4-candidate_0884,candidate_0884,E4-candidate_0884-v0,complete,162.06738073182703,-129.21298505
E4-candidate_0884,candidate_0884,E4-candidate_0884-v1,complete,167.23974394667272,-129.87691388
E4-candidate_0884,candidate_0884,E4-candidate_0884-v2,complete,172.41210716151818,-130.08397847
E4-candidate_0884,candidate_0884,E4-candidate_0884-v3,complete,177.58447037636373,-129.90906199
E4-candidate_0884,candidate_0884,E4-candidate_0884-v4,complete,182.75683359120916,-129.41545787
E4-candidate_0885,candidate_0885,E4-candidate_0885-v0,complete,217.00537108808663,-163.59500054
E4-candidate_0885,candidate_0885,E4-candidate_0885-v1,complete,223.93107442068492,-164.44745867
E4-candidate_0885,candidate_0885,E4-candidate_0885-v2,complete,230.85677775328364,-164.71034111
E4-candidate_0885,candidate_0885,E4-candidate_0885-v3,complete,237.78248108588224,-164.48294283
E4-candidate_0885,candidate_0885,E4-candidate_0885-v4,complete,244.70818441848056,-163.85030541
E4-candidate_0895,candidate_0895,E4-candidate_0895-v0,complete,219.86899292998922,-195.93395726
E4-candidate_0895,candidate_0895,E4-candidate_0895-v1,complete,226.88608844903172,-196.7442039
E4-candidate_0895,candidate_0895,E4-candidate_0895-v2,complete,233.90318396807373,-196.9974553
E4-candidate_0895,candidate_0895,E4-candidate_0895-v3,complete,240.9202794871158,-196.78147921
E4-candidate_0895,candidate_0895,E4-candidate_0895-v4,complete,247.93737500615816,-196.17375857
E4-candidate_0898,candidate_0898,E4-candidate_0898-v0,complete,138.61098052037573,-110.29601439
E4-candidate_0898,candidate_0898,E4-candidate_0898-v1,complete,143.03473521783474,-110.82409934
E4-candidate_0898,candidate_0898,E4-candidate_0898-v2,complete,147.45848991529346,-110.98888245
E4-candidate_0898,candidate_0898,E4-candidate_0898-v3,complete,151.8822446127522,-110.84852823
E4-candidate_0898,candidate_0898,E4-candidate_0898-v4,complete,156.30599931021112,-110.45242637
E4-candidate_0899,candidate_0899,E4-candidate_0899-v0,complete,164.19638478379625,-136.34849758
E4-candidate_0899,candidate_0899,E4-candidate_0899-v1,complete,169.43669493647045,-137.01580984
E4-candidate_0899,candidate_0899,E4-candidate_0899-v2,complete,174.6770050891448,-137.22822872
E4-candidate_0899,candidate_0899,E4-candidate_0899-v3,complete,179.91731524181924,-137.05946291
E4-candidate_0899,candidate_0899,E4-candidate_0899-v4,complete,185.1576253944931,-136.63032935
E4-candidate_0902,candidate_0902,E4-candidate_0902-v0,complete,267.54713481844107,-193.41999318
E4-candidate_0902,candidate_0902,E4-candidate_0902-v1,complete,276.0858731637099,-194.40362892
E4-candidate_0902,candidate_0902,E4-candidate_0902-v2,complete,284.62461150897934,-194.71022938
E4-candidate_0902,candidate_0902,E4-candidate_0902-v3,complete,293.1633498542485,-194.45205138
E4-candidate_0902,candidate_0902,E4-candidate_0902-v4,complete,301.702088199518,-193.72384064
E4-candidate_0908,candidate_0908,E4-candidate_0908-v0,complete,68.95065751380031,-57.76340574
E4-candidate_0908,candidate_0908,E4-candidate_0908-v1,complete,71.15121041317691,-58.0351856
E4-candidate_0908,candidate_0908,E4-candidate_0908-v2,complete,73.35176331255354,-58.11901336
E4-candidate_0908,candidate_0908,E4-candidate_0908-v3,complete,75.55231621193018,-58.04514875
E4-candidate_0908,candidate_0908,E4-candidate_0908-v4,complete,77.75286911130675,-57.83895973
E4-candidate_0926,candidate_0926,E4-candidate_0926-v0,complete,218.11695663114747,-181.25587203
E4-candidate_0926,candidate_0926,E4-candidate_0926-v1,complete,225.078136098099,-182.15563435
E4-candidate_0926,candidate_0926,E4-candidate_0926-v2,complete,232.03931556505052,-182.44352462
E4-candidate_0926,candidate_0926,E4-candidate_0926-v3,complete,239.0004950320028,-182.24804493
E4-candidate_0926,candidate_0926,E4-candidate_0926-v4,complete,245.96167449895296,-181.63979882
E4-candidate_0927,candidate_0927,E4-candidate_0927-v0,complete,217.27196065670606,-150.11599186
E4-candidate_0927,candidate_0927,E4-candidate_0927-v1,complete,224.20617216702652,-150.93119183
E4-candidate_0927,candidate_0927,E4-candidate_0927-v2,complete,231.14038367734693,-151.18499634
E4-candidate_0927,candidate_0927,E4-candidate_0927-v3,complete,238.07459518766703,-150.9717695
E4-candidate_0927,candidate_0927,E4-candidate_0927-v4,complete,245.0088066979877,-150.37055411
E4-candidate_0928,candidate_0928,E4-candidate_0928-v0,complete,141.427596631768,-106.5141222
E4-candidate_0928,candidate_0928,E4-candidate_0928-v1,complete,145.94124333278197,-107.01455737
E4-candidate_0928,candidate_0928,E4-candidate_0928-v2,complete,150.45489003379586,-107.17257072
E4-candidate_0928,candidate_0928,E4-candidate_0928-v3,complete,154.96853673480976,-107.04411103
E4-candidate_0928,candidate_0928,E4-candidate_0928-v4,complete,159.48218343582352,-106.67527653
E4-candidate_0937,candidate_0937,E4-candidate_0937-v0,complete,216.75968685561816,-169.84769489
E4-candidate_0937,candidate_0937,E4-candidate_0937-v1,complete,223.67754920207412,-170.72130988
E4-candidate_0937,candidate_0937,E4-candidate_0937-v2,complete,230.59541154853,-170.99403967
E4-candidate_0937,candidate_0937,E4-candidate_0937-v3,complete,237.51327389498593,-170.76414836
E4-candidate_0937,candidate_0937,E4-candidate_0937-v4,complete,244.4311362414417,-170.11482214
E4-candidate_0939,candidate_0939,E4-candidate_0939-v0,complete,216.25388747461955,-166.00312635
E4-candidate_0939,candidate_0939,E4-candidate_0939-v1,complete,223.155607287639,-166.84942677
E4-candidate_0939,candidate_0939,E4-candidate_0939-v2,complete,230.0573271006589,-167.11887976
E4-candidate_0939,candidate_0939,E4-candidate_0939-v3,complete,236.95904691367843,-166.90617581
E4-candidate_0939,candidate_0939,E4-candidate_0939-v4,complete,243.86076672669793,-166.29161358
E4-candidate_0941,candidate_0941,E4-candidate_0941-v0,complete,271.6494309684961,-196.63376712
E4-candidate_0941,candidate_0941,E4-candidate_0941-v1,complete,280.31909365897997,-197.68430891
E4-candidate_0941,candidate_0941,E4-candidate_0941-v2,complete,288.98875634946387,-198.00834081
E4-candidate_0941,candidate_0941,E4-candidate_0941-v3,complete,297.65841903994743,-197.7270383
E4-candidate_0941,candidate_0941,E4-candidate_0941-v4,complete,306.32808173043156,-196.94188581
E4-candidate_0944,candidate_0944,E4-candidate_0944-v0,complete,203.86886555378206,-157.68118998
E4-candidate_0944,candidate_0944,E4-candidate_0944-v1,complete,210.3753187097537,-158.38422433
E4-candidate_0944,candidate_0944,E4-candidate_0944-v2,complete,216.88177186572548,-158.60399529
E4-candidate_0944,candidate_0944,E4-candidate_0944-v3,complete,223.38822502169722,-158.41848469
E4-candidate_0944,candidate_0944,E4-candidate_0944-v4,complete,229.8946781776689,-157.89558382
E4-candidate_0946,candidate_0946,E4-candidate_0946-v0,complete,67.66902023923839,-55.34918557
E4-candidate_0946,candidate_0946,E4-candidate_0946-v1,complete,69.82866982134168,-55.62839159
E4-candidate_0946,candidate_0946,E4-candidate_0946-v2,complete,71.98831940344505,-55.71552002
E4-candidate_0946,candidate_0946,E4-candidate_0946-v3,complete,74.14796898554839,-55.6419205
E4-candidate_0946,candidate_0946,E4-candidate_0946-v4,complete,76.30761856765174,-55.43432974
E4-candidate_0951,candidate_0951,E4-candidate_0951-v0,complete,124.40107381935185,-113.82108632
E4-candidate_0951,candidate_0951,E4-candidate_0951-v1,complete,128.37132085613976,-114.29109881
E4-candidate_0951,candidate_0951,E4-candidate_0951-v2,complete,132.34156789292751,-114.43874638
E4-candidate_0951,candidate_0951,E4-candidate_0951-v3,complete,136.31181492971533,-114.31489674
E4-candidate_0951,candidate_0951,E4-candidate_0951-v4,complete,140.28206196650308,-113.96315243
E4-candidate_0954,candidate_0954,E4-candidate_0954-v0,complete,140.7529860681734,-116.01203758
E4-candidate_0954,candidate_0954,E4-candidate_0954-v1,complete,145.24510264481708,-116.52992699
E4-candidate_0954,candidate_0954,E4-candidate_0954-v2,complete,149.7372192214611,-116.68998353
E4-candidate_0954,candidate_0954,E4-candidate_0954-v3,complete,154.2293357981049,-116.54970327
E4-candidate_0954,candidate_0954,E4-candidate_0954-v4,complete,158.72145237474865,-116.15685193
E4-candidate_0959,candidate_0959,E4-candidate_0959-v0,complete,82.27168825704067,-65.15554177
E4-candidate_0959,candidate_0959,E4-candidate_0959-v1,complete,84.89738043545677,-65.47401903
E4-candidate_0959,candidate_0959,E4-candidate_0959-v2,complete,87.523072613873,-65.5724722
E4-candidate_0959,candidate_0959,E4-candidate_0959-v3,complete,90.14876479228926,-65.48682442
E4-candidate_0959,candidate_0959,E4-candidate_0959-v4,complete,92.77445697070534,-65.24732416
E4-candidate_0961,candidate_0961,E4-candidate_0961-v0,complete,136.52158656823008,-113.60241809
E4-candidate_0961,candidate_0961,E4-candidate_0961-v1,complete,140.87865847998194,-114.15518168
E4-candidate_0961,candidate_0961,E4-candidate_0961-v2,complete,145.23573039173408,-114.32855625
E4-candidate_0961,candidate_0961,E4-candidate_0961-v3,complete,149.59280230348605,-114.18375033
E4-candidate_0961,candidate_0961,E4-candidate_0961-v4,complete,153.9498742152381,-113.7723299
E4-candidate_0970,candidate_0970,E4-candidate_0970-v0,complete,189.56709446824283,-144.28419265
E4-candidate_0970,candidate_0970,E4-candidate_0970-v1,complete,195.6171081214844,-145.03894691
E4-candidate_0970,candidate_0970,E4-candidate_0970-v2,complete,201.66712177472616,-145.2731316
E4-candidate_0970,candidate_0970,E4-candidate_0970-v3,complete,207.717135427968,-145.07288431
E4-candidate_0970,candidate_0970,E4-candidate_0970-v4,complete,213.76714908120962,-144.51065914
E4-candidate_0979,candidate_0979,E4-candidate_0979-v0,complete,162.6362126450514,-125.76086063
E4-candidate_0979,candidate_0979,E4-candidate_0979-v1,complete,167.8267300698935,-126.4105425
E4-candidate_0979,candidate_0979,E4-candidate_0979-v2,complete,173.01724749473553,-126.61262408
E4-candidate_0979,candidate_0979,E4-candidate_0979-v3,complete,178.2077649195775,-126.44041819
E4-candidate_0979,candidate_0979,E4-candidate_0979-v4,complete,183.39828234441958,-125.95616047
E4-candidate_0980,candidate_0980,E4-candidate_0980-v0,complete,261.1366265768433,-201.14910556
E4-candidate_0980,candidate_0980,E4-candidate_0980-v1,complete,269.4707742335508,-200.92510698
E4-candidate_0980,candidate_0980,E4-candidate_0980-v2,complete,277.80492189025824,-200.18951498
E4-candidate_0980,candidate_0980,E4-candidate_0980-v3,complete,286.1390695469664,-199.059857
E4-candidate_0980,candidate_0980,E4-candidate_0980-v4,unconverged,294.47321720367313,-197.70307914
E4-candidate_0982,candidate_0982,E4-candidate_0982-v0,complete,108.67592392815762,-79.70755196
E4-candidate_0982,candidate_0982,E4-candidate_0982-v1,complete,112.14430447905627,-80.12595364
E4-candidate_0982,candidate_0982,E4-candidate_0982-v2,complete,115.61268502995495,-80.25361686
E4-candidate_0982,candidate_0982,E4-candidate_0982-v3,complete,119.08106558085343,-80.13892395
E4-candidate_0982,candidate_0982,E4-candidate_0982-v4,complete,122.5494461317522,-79.82352186
E4-candidate_0990,candidate_0990,E4-candidate_0990-v0,complete,141.84697958455413,-118.61049048
E4-candidate_0990,candidate_0990,E4-candidate_0990-v1,complete,146.3740108478908,-119.13143904
E4-candidate_0990,candidate_0990,E4-candidate_0990-v2,complete,150.90104211122775,-119.29462762
E4-candidate_0990,candidate_0990,E4-candidate_0990-v3,complete,155.4280733745644,-119.15631178
E4-candidate_0990,candidate_0990,E4-candidate_0990-v4,complete,159.95510463790146,-118.7638933
E4-candidate_0995,candidate_0995,E4-candidate_0995-v0,complete,139.77142697197053,-119.2113041
E4-candidate_0995,candidate_0995,E4-candidate_0995-v1,complete,144.23221719448026,-119.75459935
E4-candidate_0995,candidate_0995,E4-candidate_0995-v2,complete,148.69300741698999,-119.92504691
E4-candidate_0995,candidate_0995,E4-candidate_0995-v3,complete,153.15379763949957,-119.78197168
E4-candidate_0995,candidate_0995,E4-candidate_0995-v4,complete,157.61458786200933,-119.37550467
E4-candidate_1000,candidate_1000,E4-candidate_1000-v0,complete,162.54174363439486,-122.01944831
E4-candidate_1000,candidate_1000,E4-candidate_1000-v1,complete,167.72924609081164,-122.66737781
E4-candidate_1000,candidate_1000,E4-candidate_1000-v2,complete,172.91674854722856,-122.87187
E4-candidate_1000,candidate_1000,E4-candidate_1000-v3,complete,178.10425100364543,-122.70553144
E4-candidate_1000,candidate_1000,E4-candidate_1000-v4,complete,183.2917534600622,-122.23101488
E4-candidate_1005,candidate_1005,E4-candidate_1005-v0,complete,164.3809930900835,-139.00064144
E4-candidate_1005,candidate_1005,E4-candidate_1005-v1,complete,169.62719499721376,-139.66107097
E4-candidate_1005,candidate_1005,E4-candidate_1005-v2,complete,174.87339690434402,-139.86629199
E4-candidate_1005,candidate_1005,E4-candidate_1005-v3,complete,180.11959881147422,-139.68940325
E4-candidate_1005,candidate_1005,E4-candidate_1005-v4,complete,185.3658007186048,-139.19254491
E4-candidate_1010,candidate_1010,E4-candidate_1010-v0,complete,216.65508696482812,-176.91346199
E4-candidate_1010,candidate_1010,E4-candidate_1010-v1,complete,223.5696110168972,-177.80140807
E4-candidate_1010,candidate_1010,E4-candidate_1010-v2,complete,230.48413506896586,-178.07596534
E4-candidate_1010,candidate_1010,E4-candidate_1010-v3,complete,237.39865912103497,-177.83688995
E4-candidate_1010,candidate_1010,E4-candidate_1010-v4,complete,244.31318317310365,-177.22021486
E4-candidate_1015,candidate_1015,E4-candidate_1015-v0,complete,151.59507834376524,-112.16118714
E4-candidate_1015,candidate_1015,E4-candidate_1015-v1,complete,156.43321914197017,-112.71744628
E4-candidate_1015,candidate_1015,E4-candidate_1015-v2,complete,161.27135994017544,-112.88673292
E4-candidate_1015,candidate_1015,E4-candidate_1015-v3,complete,166.10950073838072,-112.73415284
E4-candidate_1015,candidate_1015,E4-candidate_1015-v4,complete,170.94764153658585,-112.31570701
E4-candidate_1016,candidate_1016,E4-candidate_1016-v0,complete,124.59531951660897,-116.15778226
E4-candidate_1016,candidate_1016,E4-candidate_1016-v1,complete,128.57176588416027,-116.63469045
E4-candidate_1016,candidate_1016,E4-candidate_1016-v2,complete,132.5482122517117,-116.78421307
E4-candidate_1016,candidate_1016,E4-candidate_1016-v3,complete,136.524658619263,-116.65712104
E4-candidate_1016,candidate_1016,E4-candidate_1016-v4,complete,140.50110498681448,-116.29611241
E4-candidate_1019,candidate_1019,E4-candidate_1019-v0,complete,216.68934752634945,-167.98905256
E4-candidate_1019,candidate_1019,E4-candidate_1019-v1,complete,223.6049650005946,-168.86129121
E4-candidate_1019,candidate_1019,E4-candidate_1019-v2,complete,230.5205824748398,-169.13329144
E4-candidate_1019,candidate_1019,E4-candidate_1019-v3,complete,237.43619994908494,-168.9035425
E4-candidate_1019,candidate_1019,E4-candidate_1019-v4,complete,244.35181742333023,-168.25488447
E4-candidate_1020,candidate_1020,E4-candidate_1020-v0,complete,216.69213673482093,-172.57614958
E4-candidate_1020,candidate_1020,E4-candidate_1020-v1,complete,223.6078432263578,-173.45412772
E4-candidate_1020,candidate_1020,E4-candidate_1020-v2,complete,230.52354971789455,-173.72861583
E4-candidate_1020,candidate_1020,E4-candidate_1020-v3,complete,237.43925620943156,-173.50157992
E4-candidate_1020,candidate_1020,E4-candidate_1020-v4,complete,244.3549627009684,-172.86559726
E4-candidate_1023,candidate_1023,E4-candidate_1023-v0,complete,243.82818489232662,-192.99036538
E4-candidate_1023,candidate_1023,E4-candidate_1023-v1,complete,251.6099354739968,-193.97302884
E4-candidate_1023,candidate_1023,E4-candidate_1023-v2,complete,259.3916860556667,-194.27835492
E4-candidate_1023,candidate_1023,E4-candidate_1023-v3,complete,267.17343663733664,-194.01894213
E4-candidate_1023,candidate_1023,E4-candidate_1023-v4,complete,274.9551872190068,-193.29009482
E4-candidate_1025,candidate_1025,E4-candidate_1025-v0,complete,160.19390161836424,-128.07520517
E4-candidate_1025,candidate_1025,E4-candidate_1025-v1,complete,165.30647294661009,-128.70617477
E4-candidate_1025,candidate_1025,E4-candidate_1025-v2,complete,170.41904427485568,-128.90260159
E4-candidate_1025,candidate_1025,E4-candidate_1025-v3,complete,175.53161560310113,-128.7353336
E4-candidate_1025,candidate_1025,E4-candidate_1025-v4,complete,180.6441869313473,-128.26369405
E4-candidate_1029,candidate_1029,E4-candidate_1029-v0,complete,214.41935085210264,-169.25713289
E4-candidate_1029,candidate_1029,E4-candidate_1029-v1,complete,221.26252162397813,-170.08796431
E4-candidate_1029,candidate_1029,E4-candidate_1029-v2,complete,228.1056923958537,-170.34464976
E4-candidate_1029,candidate_1029,E4-candidate_1029-v3,complete,234.9488631677292,-170.12085919
E4-candidate_1029,candidate_1029,E4-candidate_1029-v4,complete,241.7920339396049,-169.49559542
E4-candidate_1031,candidate_1031,E4-candidate_1031-v0,complete,147.452341405804,-120.4404085
E4-candidate_1031,candidate_1031,E4-candidate_1031-v1,complete,152.15826719535096,-120.91936493
E4-candidate_1031,candidate_1031,E4-candidate_1031-v2,complete,156.8641929848978,-121.06773343
E4-candidate_1031,candidate_1031,E4-candidate_1031-v3,complete,161.57011877444472,-120.93710193
E4-candidate_1031,candidate_1031,E4-candidate_1031-v4,complete,166.27604456399163,-120.5711678
E4-candidate_1033,candidate_1033,E4-candidate_1033-v0,complete,225.22387852286798,-188.58947
E4-candidate_1033,candidate_1033,E4-candidate_1033-v1,complete,232.4118746459383,-189.29987665
E4-candidate_1033,candidate_1033,E4-candidate_1033-v2,complete,239.5998707690085,-189.5194182
E4-candidate_1033,candidate_1033,E4-candidate_1033-v3,complete,246.7878668920785,-189.32200666
E4-candidate_1033,candidate_1033,E4-candidate_1033-v4,complete,253.9758630151489,-188.77044172
E4-candidate_1034,candidate_1034,E4-candidate_1034-v0,complete,163.09144779070925,-117.06929578
E4-candidate_1034,candidate_1034,E4-candidate_1034-v1,complete,168.2964939967957,-117.69545281
E4-candidate_1034,candidate_1034,E4-candidate_1034-v2,complete,173.501540202882,-117.88794389
E4-candidate_1034,candidate_1034,E4-candidate_1034-v3,complete,178.70658640896863,-117.7189638
E4-candidate_1034,candidate_1034,E4-candidate_1034-v4,complete,183.91163261505508,-117.24991515
E4-candidate_1035,candidate_1035,E4-candidate_1035-v0,complete,110.09277265787524,-82.08220812
E4-candidate_1035,candidate_1035,E4-candidate_1035-v1,complete,113.60637178525414,-82.49214592
E4-candidate_1035,candidate_1035,E4-candidate_1035-v2,complete,117.1199709126332,-82.61746792
E4-candidate_1035,candidate_1035,E4-candidate_1035-v3,complete,120.6335700400121,-82.50502073
E4-candidate_1035,candidate_1035,E4-candidate_1035-v4,complete,124.14716916739127,-82.19405079
E4-candidate_1048,candidate_1048,E4-candidate_1048-v0,complete,259.8678040501908,-155.00293128
E4-candidate_1048,candidate_1048,E4-candidate_1048-v1,complete,268.16145737094166,-155.80831247
E4-candidate_1048,candidate_1048,E4-candidate_1048-v2,complete,276.4551106916927,-156.05618702
E4-candidate_1048,candidate_1048,E4-candidate_1048-v3,complete,284.7487640124435,-155.84178783
E4-candidate_1048,candidate_1048,E4-candidate_1048-v4,complete,293.0424173331943,-155.24611864
E4-candidate_1050,candidate_1050,E4-candidate_1050-v0,complete,218.71868832892784,-182.64017011
E4-candidate_1050,candidate_1050,E4-candidate_1050-v1,complete,225.6990719990001,-183.53177166
E4-candidate_1050,candidate_1050,E4-candidate_1050-v2,complete,232.67945566907275,-183.81345896
E4-candidate_1050,candidate_1050,E4-candidate_1050-v3,complete,239.65983933914453,-183.59027256
E4-candidate_1050,candidate_1050,E4-candidate_1050-v4,complete,246.6402230092163,-182.95303823
E4-candidate_1053,candidate_1053,E4-candidate_1053-v0,complete,139.0216269166145,-118.12166641
E4-candidate_1053,candidate_1053,E4-candidate_1053-v1,complete,143.45848735012345,-118.66792469
E4-candidate_1053,candidate_1053,E4-candidate_1053-v2,complete,147.89534778363245,-118.83922811
E4-candidate_1053,candidate_1053,E4-candidate_1053-v3,complete,152.33220821714127,-118.69504872
E4-candidate_1053,candidate_1053,E4-candidate_1053-v4,complete,156.76906865065038,-118.28519792
E4-candidate_1064,candidate_1064,E4-candidate_1064-v0,complete,163.6319202198787,-135.05469819
E4-candidate_1064,candidate_1064,E4-candidate_1064-v1,complete,168.85421554604497,-135.71878831
E4-candidate_1064,candidate_1064,E4-candidate_1064-v2,complete,174.07651087221134,-135.9274494
E4-candidate_1064,candidate_1064,E4-candidate_1064-v3,complete,179.29880619837763,-135.75319744
E4-candidate_1064,candidate_1064,E4-candidate_1064-v4,complete,184.52110152454384,-135.25880941
E4-candidate_1078,candidate_1078,E4-candidate_1078-v0,complete,217.34765083823433,-174.90338359
E4-candidate_1078,candidate_1078,E4-candidate_1078-v1,complete,224.28427799264566,-175.58940616
E4-candidate_1078,candidate_1078,E4-candidate_1078-v2,complete,231.22090514705795,-175.82062908
E4-candidate_1078,candidate_1078,E4-candidate_1078-v3,complete,238.15753230147004,-175.62805147
E4-candidate_1078,candidate_1078,E4-candidate_1078-v4,complete,245.09415945588137,-175.08995604
